1,0.0,0.0,-0.18552036199095023,-0.06561085972850679,-0.34615384615384615,-0.2081447963800905,-0.4592760180995475,-0.334841628959276,-0.5769230769230769,-0.4072398190045249,-0.22171945701357465,-0.49095022624434387,-0.2737556561085973,-0.6719457013574661,-0.2986425339366516,-0.7828054298642534,-0.3167420814479638,-0.8891402714932126,-0.09502262443438914,-0.5226244343891403,-0.09954751131221719,-0.7352941176470589,-0.10407239819004525,-0.8755656108597285,-0.11312217194570136,-1.0,0.02262443438914027,-0.5,0.04751131221719457,-0.6923076923076923,0.049773755656108594,-0.8190045248868778,0.04524886877828054,-0.9366515837104072,0.12895927601809956,-0.43891402714932126,0.19004524886877827,-0.5701357466063348,0.22171945701357465,-0.665158371040724,0.24434389140271492,-0.7579185520361991
1,0.0,0.0,-0.1949367088607595,-0.06582278481012659,-0.3569620253164557,-0.22784810126582278,-0.46835443037974683,-0.3670886075949367,-0.5848101265822785,-0.43291139240506327,-0.21518987341772153,-0.4936708860759494,-0.2430379746835443,-0.6835443037974683,-0.2481012658227848,-0.8025316455696202,-0.25063291139240507,-0.9139240506329114,-0.08860759493670886,-0.5189873417721519,-0.07848101265822785,-0.7367088607594937,-0.06835443037974684,-0.8759493670886076,-0.060759493670886074,-1.0,0.02278481012658228,-0.4962025316455696,0.05063291139240506,-0.6911392405063291,0.060759493670886074,-0.8177215189873418,0.060759493670886074,-0.9341772151898734,0.12658227848101267,-0.4379746835443038,0.17721518987341772,-0.579746835443038,0.20253164556962025,-0.6784810126582278,0.21772151898734177,-0.7746835443037975
1,0.0,0.0,-0.2193211488250653,-0.005221932114882507,-0.4177545691906005,-0.10704960835509138,-0.5691906005221932,-0.21409921671018275,-0.7101827676240209,-0.2584856396866841,-0.33159268929503916,-0.4360313315926893,-0.4177545691906005,-0.6214099216710183,-0.4725848563968668,-0.741514360313316,-0.5169712793733682,-0.8537859007832899,-0.21148825065274152,-0.4960835509138381,-0.2584856396866841,-0.720626631853786,-0.2950391644908616,-0.8694516971279374,-0.3342036553524804,-1.0,-0.09399477806788512,-0.4960835509138381,-0.10182767624020887,-0.7049608355091384,-0.13054830287206268,-0.8407310704960835,-0.17232375979112272,-0.9608355091383812,0.02610966057441253,-0.45430809399477806,0.07049608355091384,-0.6005221932114883,0.06788511749347259,-0.7049608355091384,0.04699738903394256,-0.804177545691906
1,0.0,0.0,-0.21470588235294116,0.0,-0.42058823529411765,-0.09705882352941177,-0.5735294117647058,-0.18529411764705883,-0.7088235294117647,-0.21764705882352942,-0.36470588235294116,-0.4470588235294118,-0.45588235294117646,-0.6264705882352941,-0.5205882352941177,-0.7382352941176471,-0.5764705882352941,-0.8411764705882353,-0.25,-0.5088235294117647,-0.3058823529411765,-0.7323529411764705,-0.35294117647058826,-0.8764705882352941,-0.40294117647058825,-1.0,-0.1323529411764706,-0.5117647058823529,-0.15,-0.7264705882352941,-0.18235294117647058,-0.861764705882353,-0.22941176470588234,-0.9794117647058823,-0.011764705882352941,-0.4676470588235294,0.029411764705882353,-0.6264705882352941,0.026470588235294117,-0.7352941176470589,-0.0029411764705882353,-0.8352941176470589
1,0.0,0.0,-0.1881720430107527,-0.08333333333333333,-0.34139784946236557,-0.2553763440860215,-0.44623655913978494,-0.3951612903225806,-0.5591397849462365,-0.4596774193548387,-0.18010752688172044,-0.5161290322580645,-0.19623655913978494,-0.7016129032258065,-0.19623655913978494,-0.8172043010752689,-0.19086021505376344,-0.9247311827956989,-0.04032258064516129,-0.532258064516129,-0.008064516129032258,-0.7419354838709677,0.01881720430107527,-0.8763440860215054,0.0456989247311828,-1.0,0.08064516129032258,-0.4946236559139785,0.13440860215053763,-0.6801075268817204,0.16666666666666666,-0.7983870967741935,0.19086021505376344,-0.9112903225806451,0.18548387096774194,-0.41935483870967744,0.271505376344086,-0.5349462365591398,0.3333333333333333,-0.6155913978494624,0.3870967741935484,-0.6989247311827957
1,0.0,0.0,-0.19,-0.0775,-0.34,-0.2425,-0.44,-0.39,-0.5525,-0.465,-0.1975,-0.4875,-0.22,-0.6825,-0.22,-0.805,-0.21,-0.915,-0.0675,-0.51,-0.0375,-0.73,-0.0125,-0.8725,0.01,-1.0,0.05,-0.4825,0.09,-0.6775,0.115,-0.8075,0.13,-0.925,0.155,-0.42,0.2425,-0.545,0.2975,-0.6375,0.34,-0.725
1,0.0,0.0,-0.19680851063829788,-0.02925531914893617,-0.375,-0.14893617021276595,-0.5053191489361702,-0.25,-0.6303191489361702,-0.300531914893617,-0.29521276595744683,-0.4601063829787234,-0.3776595744680851,-0.6382978723404256,-0.43617021276595747,-0.7526595744680851,-0.4867021276595745,-0.8617021276595744,-0.1702127659574468,-0.5079787234042553,-0.19680851063829788,-0.723404255319149,-0.21808510638297873,-0.8696808510638298,-0.24202127659574468,-1.0,-0.05053191489361702,-0.4946808510638298,-0.047872340425531915,-0.6941489361702128,-0.061170212765957445,-0.8164893617021277,-0.08776595744680851,-0.9361702127659575,0.06382978723404255,-0.43882978723404253,0.12234042553191489,-0.5824468085106383,0.14893617021276595,-0.6861702127659575,0.15691489361702127,-0.7925531914893617
1,0.0,0.0,-0.19852941176470587,-0.041666666666666664,-0.36764705882352944,-0.18382352941176472,-0.4852941176470588,-0.3137254901960784,-0.6127450980392157,-0.3799019607843137,-0.23039215686274508,-0.4730392156862745,-0.28921568627450983,-0.6617647058823529,-0.3235294117647059,-0.7843137254901961,-0.35049019607843135,-0.8995098039215687,-0.1053921568627451,-0.5049019607843137,-0.11029411764705882,-0.7254901960784313,-0.11274509803921569,-0.8700980392156863,-0.11764705882352941,-1.0,0.012254901960784314,-0.4852941176470588,0.031862745098039214,-0.6838235294117647,0.03431372549019608,-0.8186274509803921,0.029411764705882353,-0.9411764705882353,0.12254901960784313,-0.4264705882352941,0.18627450980392157,-0.5612745098039216,0.22058823529411764,-0.6568627450980392,0.24019607843137256,-0.7524509803921569
1,0.0,0.0,-0.22702702702702704,-0.005405405405405406,-0.42702702702702705,-0.12162162162162163,-0.572972972972973,-0.24324324324324326,-0.7162162162162162,-0.2918918918918919,-0.3216216216216216,-0.43243243243243246,-0.4135135135135135,-0.6189189189189189,-0.47297297297297297,-0.7378378378378379,-0.5216216216216216,-0.8513513513513513,-0.1945945945945946,-0.4891891891891892,-0.23513513513513515,-0.7216216216216216,-0.2756756756756757,-0.8702702702702703,-0.31351351351351353,-1.0,-0.07567567567567568,-0.4891891891891892,-0.07837837837837838,-0.7027027027027027,-0.11081081081081082,-0.8432432432432433,-0.15405405405405406,-0.9702702702702702,0.043243243243243246,-0.4486486486486487,0.0972972972972973,-0.5972972972972973,0.1,-0.7054054054054054,0.08378378378378379,-0.8081081081081081
1,0.0,0.0,-0.208955223880597,-0.0029850746268656717,-0.41194029850746267,-0.08955223880597014,-0.5761194029850746,-0.16119402985074627,-0.7283582089552239,-0.1880597014925373,-0.3582089552238806,-0.4388059701492537,-0.47761194029850745,-0.608955223880597,-0.5582089552238806,-0.7074626865671642,-0.6328358208955224,-0.8029850746268656,-0.24477611940298508,-0.49850746268656715,-0.3044776119402985,-0.7283582089552239,-0.35522388059701493,-0.8716417910447761,-0.4059701492537313,-1.0,-0.12835820895522387,-0.5014925373134328,-0.15223880597014924,-0.7164179104477612,-0.18208955223880596,-0.8537313432835821,-0.22388059701492538,-0.9791044776119403,-0.008955223880597015,-0.4597014925373134,0.026865671641791045,-0.6119402985074627,0.03283582089552239,-0.7194029850746269,0.029850746268656716,-0.8238805970149253
1,0.0,0.0,-0.18604651162790697,-0.07235142118863049,-0.3385012919896641,-0.2351421188630491,-0.43669250645994834,-0.37209302325581395,-0.5452196382428941,-0.45219638242894056,-0.18604651162790697,-0.5012919896640827,-0.2351421188630491,-0.6718346253229974,-0.26098191214470284,-0.7777777777777778,-0.2739018087855297,-0.8811369509043928,-0.05426356589147287,-0.5219638242894057,-0.03617571059431524,-0.7338501291989664,-0.028423772609819122,-0.8733850129198967,-0.020671834625323,-1.0,0.06459948320413436,-0.48578811369509045,0.10335917312661498,-0.6770025839793282,0.11886304909560723,-0.7984496124031008,0.12144702842377261,-0.9147286821705426,0.17054263565891473,-0.40568475452196384,0.25064599483204136,-0.5297157622739018,0.2971576227390181,-0.6201550387596899,0.3281653746770026,-0.710594315245478
1,0.0,0.0,-0.20923913043478262,-0.07608695652173914,-0.36141304347826086,-0.2391304347826087,-0.45652173913043476,-0.4048913043478261,-0.5625,-0.48641304347826086,-0.22010869565217392,-0.48097826086956524,-0.2554347826086957,-0.6766304347826086,-0.266304347826087,-0.7961956521739131,-0.266304347826087,-0.907608695652174,-0.08152173913043478,-0.5081521739130435,-0.057065217391304345,-0.7336956521739131,-0.043478260869565216,-0.8777173913043478,-0.029891304347826088,-1.0,0.04076086956521739,-0.48097826086956524,0.08967391304347826,-0.6820652173913043,0.10326086956521739,-0.8125,0.11141304347826086,-0.9293478260869565,0.15489130434782608,-0.4157608695652174,0.24728260869565216,-0.5543478260869565,0.29347826086956524,-0.6521739130434783,0.328804347826087,-0.75
1,0.0,0.0,-0.19466666666666665,-0.104,-0.344,-0.2826666666666667,-0.44533333333333336,-0.432,-0.5573333333333333,-0.5146666666666667,-0.184,-0.5226666666666666,-0.208,-0.7146666666666667,-0.21066666666666667,-0.832,-0.20533333333333334,-0.9386666666666666,-0.04533333333333334,-0.536,-0.016,-0.744,0.013333333333333334,-0.88,0.04533333333333334,-1.0,0.07733333333333334,-0.49866666666666665,0.128,-0.68,0.16533333333333333,-0.8,0.19733333333333333,-0.9093333333333333,0.18933333333333333,-0.424,0.28,-0.5386666666666666,0.3413333333333333,-0.616,0.36533333333333334,-0.6933333333333334
1,0.0,0.0,-0.1891891891891892,-0.06142506142506143,-0.3488943488943489,-0.20393120393120392,-0.4520884520884521,-0.3415233415233415,-0.5601965601965602,-0.4152334152334152,-0.22604422604422605,-0.47665847665847666,-0.28501228501228504,-0.6584766584766585,-0.31695331695331697,-0.7764127764127764,-0.3366093366093366,-0.8820638820638821,-0.09582309582309582,-0.5135135135135135,-0.09582309582309582,-0.7321867321867321,-0.10073710073710074,-0.8771498771498771,-0.10565110565110565,-1.0,0.019656019656019656,-0.4963144963144963,0.051597051597051594,-0.6904176904176904,0.056511056511056514,-0.8206388206388207,0.04914004914004914,-0.9336609336609336,0.12776412776412777,-0.4398034398034398,0.20147420147420148,-0.5675675675675675,0.23587223587223588,-0.6633906633906634,0.25307125307125306,-0.7542997542997543
2,0.0,0.0,-0.36637931034482757,-0.09913793103448276,-0.6594827586206896,-0.33189655172413796,-0.8362068965517241,-0.5344827586206896,-1.0,-0.6379310344827587,-0.4353448275862069,-0.6293103448275862,-0.5043103448275862,-0.8706896551724138,-0.49137931034482757,-0.7327586206896551,-0.46120689655172414,-0.5560344827586207,-0.25,-0.6594827586206896,-0.3103448275862069,-0.9008620689655172,-0.3103448275862069,-0.6853448275862069,-0.28879310344827586,-0.4870689655172414,-0.0603448275862069,-0.6551724137931034,-0.10775862068965517,-0.8922413793103449,-0.125,-0.6594827586206896,-0.11637931034482758,-0.46120689655172414,0.13793103448275862,-0.6206896551724138,0.09051724137931035,-0.8103448275862069,0.04310344827586207,-0.646551724137931,0.017241379310344827,-0.4827586206896552
2,0.0,0.0,-0.37142857142857144,-0.07755102040816327,-0.6489795918367347,-0.22857142857142856,-0.8408163265306122,-0.4,-1.0,-0.5020408163265306,-0.43673469387755104,-0.4897959183673469,-0.4897959183673469,-0.726530612244898,-0.46938775510204084,-0.7346938775510204,-0.42857142857142855,-0.6489795918367347,-0.2530612244897959,-0.5387755102040817,-0.2857142857142857,-0.8040816326530612,-0.2897959183673469,-0.7428571428571429,-0.2693877551020408,-0.5959183673469388,-0.07755102040816327,-0.5510204081632653,-0.09387755102040816,-0.8,-0.11428571428571428,-0.726530612244898,-0.10204081632653061,-0.5836734693877551,0.11020408163265306,-0.5306122448979592,0.10204081632653061,-0.7428571428571429,0.05714285714285714,-0.6979591836734694,0.04081632653061224,-0.5836734693877551
2,0.0,0.0,-0.36018957345971564,-0.07582938388625593,-0.6635071090047393,-0.35071090047393366,-0.8199052132701422,-0.5876777251184834,-1.0,-0.6919431279620853,-0.3886255924170616,-0.7203791469194313,-0.46919431279620855,-0.966824644549763,-0.4881516587677725,-0.7867298578199052,-0.4786729857819905,-0.5876777251184834,-0.1990521327014218,-0.7440758293838863,-0.2890995260663507,-1.0,-0.3222748815165877,-0.7345971563981043,-0.2938388625592417,-0.5165876777251185,0.004739336492890996,-0.7298578199052133,-0.08530805687203792,-0.981042654028436,-0.12796208530805686,-0.7061611374407583,-0.10900473933649289,-0.4881516587677725,0.22274881516587677,-0.6824644549763034,0.11848341232227488,-0.8909952606635071,0.04739336492890995,-0.6966824644549763,0.052132701421800945,-0.5118483412322274
2,0.0,0.0,-0.3458333333333333,0.0,-0.6458333333333334,-0.17083333333333334,-0.8291666666666667,-0.325,-1.0,-0.3875,-0.48333333333333334,-0.525,-0.6375,-0.725,-0.6458333333333334,-0.5916666666666667,-0.5875,-0.42916666666666664,-0.32916666666666666,-0.5791666666666667,-0.4791666666666667,-0.8208333333333333,-0.5041666666666667,-0.6,-0.44583333333333336,-0.39166666666666666,-0.1625,-0.6,-0.30833333333333335,-0.8208333333333333,-0.3375,-0.5833333333333334,-0.2875,-0.38333333333333336,0.03333333333333333,-0.5916666666666667,-0.1125,-0.7375,-0.17083333333333334,-0.5666666666666667,-0.14583333333333334,-0.4041666666666667
2,0.0,0.0,-0.31390134529147984,0.03587443946188341,-0.6188340807174888,-0.11659192825112108,-0.8161434977578476,-0.2645739910313901,-1.0,-0.3094170403587444,-0.5201793721973094,-0.5067264573991032,-0.695067264573991,-0.6367713004484304,-0.6547085201793722,-0.4484304932735426,-0.5650224215246636,-0.28699551569506726,-0.3811659192825112,-0.5739910313901345,-0.5650224215246636,-0.7309417040358744,-0.5246636771300448,-0.47085201793721976,-0.4304932735426009,-0.2825112107623318,-0.21524663677130046,-0.6143497757847534,-0.40358744394618834,-0.757847533632287,-0.36771300448430494,-0.48878923766816146,-0.27802690582959644,-0.3004484304932735,-0.013452914798206279,-0.6322869955156951,-0.21076233183856502,-0.6995515695067265,-0.21973094170403587,-0.5067264573991032,-0.15695067264573992,-0.3632286995515695
2,0.0,0.0,-0.35,-0.10909090909090909,-0.6409090909090909,-0.41363636363636364,-0.8136363636363636,-0.6590909090909091,-1.0,-0.7727272727272727,-0.4636363636363636,-0.7318181818181818,-0.5727272727272728,-0.9272727272727272,-0.5454545454545454,-0.6909090909090909,-0.4954545454545455,-0.5,-0.2727272727272727,-0.7454545454545455,-0.38636363636363635,-0.95,-0.38181818181818183,-0.6545454545454545,-0.3409090909090909,-0.44545454545454544,-0.06818181818181818,-0.7272727272727273,-0.19090909090909092,-0.9272727272727272,-0.21363636363636362,-0.6363636363636364,-0.18636363636363637,-0.42272727272727273,0.15,-0.6727272727272727,0.00909090909090909,-0.8136363636363636,-0.045454545454545456,-0.6045454545454545,-0.031818181818181815,-0.4409090909090909
2,0.0,0.0,-0.3644067796610169,-0.07203389830508475,-0.6483050847457628,-0.2796610169491525,-0.8305084745762712,-0.4872881355932203,-1.0,-0.5889830508474576,-0.5,-0.559322033898305,-0.5550847457627118,-0.7711864406779662,-0.5211864406779662,-0.6228813559322034,-0.4830508474576271,-0.4576271186440678,-0.3093220338983051,-0.5889830508474576,-0.3601694915254237,-0.8135593220338984,-0.3516949152542373,-0.6101694915254238,-0.3389830508474576,-0.4364406779661017,-0.1271186440677966,-0.5889830508474576,-0.1694915254237288,-0.8008474576271186,-0.18220338983050846,-0.5720338983050848,-0.1864406779661017,-0.4025423728813559,0.05508474576271186,-0.559322033898305,0.01694915254237288,-0.7076271186440678,-0.01694915254237288,-0.5466101694915254,-0.046610169491525424,-0.4110169491525424
2,0.0,0.0,-0.35121951219512193,-0.07317073170731707,-0.6780487804878049,-0.3170731707317073,-0.8439024390243902,-0.5414634146341464,-1.0,-0.6634146341463415,-0.4634146341463415,-0.6439024390243903,-0.5609756097560976,-0.8390243902439024,-0.5463414634146342,-0.6780487804878049,-0.4975609756097561,-0.4975609756097561,-0.2682926829268293,-0.6731707317073171,-0.35609756097560974,-0.8878048780487805,-0.3463414634146341,-0.6487804878048781,-0.2926829268292683,-0.44390243902439025,-0.06341463414634146,-0.6536585365853659,-0.14634146341463414,-0.8731707317073171,-0.15609756097560976,-0.624390243902439,-0.12195121951219512,-0.4195121951219512,0.14634146341463414,-0.6,0.05365853658536585,-0.7804878048780488,0.014634146341463415,-0.5951219512195122,0.024390243902439025,-0.4292682926829268
2,0.0,0.0,-0.35135135135135137,-0.04954954954954955,-0.6531531531531531,-0.22972972972972974,-0.8423423423423423,-0.4189189189189189,-1.0,-0.527027027027027,-0.5,-0.4864864864864865,-0.5630630630630631,-0.7027027027027027,-0.5,-0.5990990990990991,-0.43243243243243246,-0.45495495495495497,-0.30180180180180183,-0.536036036036036,-0.35585585585585583,-0.7657657657657657,-0.32432432432432434,-0.581081081081081,-0.2927927927927928,-0.40540540540540543,-0.11261261261261261,-0.545045045045045,-0.15765765765765766,-0.7612612612612613,-0.14864864864864866,-0.5585585585585585,-0.13963963963963963,-0.38288288288288286,0.08108108108108109,-0.527027027027027,0.05855855855855856,-0.6891891891891891,0.02702702702702703,-0.5495495495495496,-0.0045045045045045045,-0.40540540540540543
2,0.0,0.0,-0.3466666666666667,-0.12444444444444444,-0.6533333333333333,-0.44,-0.8311111111111111,-0.6977777777777778,-1.0,-0.8444444444444444,-0.4666666666666667,-0.7111111111111111,-0.48,-0.9733333333333334,-0.4088888888888889,-0.7733333333333333,-0.37333333333333335,-0.5733333333333334,-0.24444444444444444,-0.7244444444444444,-0.24444444444444444,-0.9511111111111111,-0.20444444444444446,-0.6755555555555556,-0.2,-0.4533333333333333,-0.035555555555555556,-0.6844444444444444,-0.017777777777777778,-0.8933333333333333,-0.022222222222222223,-0.6177777777777778,-0.05333333333333334,-0.41333333333333333,0.16444444444444445,-0.6177777777777778,0.17333333333333334,-0.7644444444444445,0.14222222222222222,-0.5822222222222222,0.10222222222222223,-0.4444444444444444
2,0.0,0.0,-0.38095238095238093,-0.09523809523809523,-0.6666666666666666,-0.3380952380952381,-0.8380952380952381,-0.5666666666666667,-1.0,-0.7047619047619048,-0.4238095238095238,-0.6619047619047619,-0.49523809523809526,-0.9238095238095239,-0.47619047619047616,-0.7666666666666667,-0.4380952380952381,-0.5857142857142857,-0.22857142857142856,-0.6904761904761905,-0.2857142857142857,-0.9809523809523809,-0.3047619047619048,-0.7523809523809524,-0.2857142857142857,-0.5380952380952381,-0.02857142857142857,-0.680952380952381,-0.08095238095238096,-0.9619047619047619,-0.12380952380952381,-0.7142857142857143,-0.12380952380952381,-0.49523809523809526,0.18095238095238095,-0.6333333333333333,0.11904761904761904,-0.8428571428571429,0.047619047619047616,-0.680952380952381,0.023809523809523808,-0.5095238095238095
2,0.0,0.0,-0.3463203463203463,-0.06493506493506493,-0.6320346320346321,-0.30735930735930733,-0.8138528138528138,-0.5238095238095238,-1.0,-0.6320346320346321,-0.4588744588744589,-0.6320346320346321,-0.5844155844155844,-0.8744588744588745,-0.5887445887445888,-0.70995670995671,-0.5541125541125541,-0.5411255411255411,-0.2727272727272727,-0.658008658008658,-0.38961038961038963,-0.9134199134199135,-0.4329004329004329,-0.6883116883116883,-0.4199134199134199,-0.4935064935064935,-0.08225108225108226,-0.6363636363636364,-0.19480519480519481,-0.8701298701298701,-0.2597402597402597,-0.6190476190476191,-0.2597402597402597,-0.4199134199134199,0.12121212121212122,-0.5844155844155844,-0.004329004329004329,-0.7316017316017316,-0.09523809523809523,-0.5541125541125541,-0.12121212121212122,-0.39826839826839827
2,0.0,0.0,-0.29596412556053814,0.013452914798206279,-0.5964125560538116,-0.14349775784753363,-0.8026905829596412,-0.2825112107623318,-1.0,-0.3452914798206278,-0.5381165919282511,-0.515695067264574,-0.7219730941704036,-0.6233183856502242,-0.6681614349775785,-0.4125560538116592,-0.57847533632287,-0.2556053811659193,-0.38565022421524664,-0.5739910313901345,-0.5739910313901345,-0.6771300448430493,-0.5381165919282511,-0.4170403587443946,-0.45739910313901344,-0.24663677130044842,-0.2062780269058296,-0.5964125560538116,-0.39461883408071746,-0.6860986547085202,-0.3721973094170404,-0.4125560538116592,-0.30493273542600896,-0.242152466367713,-0.008968609865470852,-0.5964125560538116,-0.19282511210762332,-0.6278026905829597,-0.2242152466367713,-0.4349775784753363,-0.19282511210762332,-0.29596412556053814
2,0.0,0.0,-0.3412322274881517,-0.07109004739336493,-0.6303317535545023,-0.36492890995260663,-0.8104265402843602,-0.5829383886255924,-1.0,-0.7251184834123223,-0.4218009478672986,-0.8767772511848341,-0.5971563981042654,-0.8341232227488151,-0.5687203791469194,-0.5592417061611374,-0.5071090047393365,-0.3981042654028436,-0.1943127962085308,-0.9004739336492891,-0.38388625592417064,-0.8104265402843602,-0.3744075829383886,-0.47393364928909953,-0.33175355450236965,-0.3412322274881517,0.023696682464454975,-0.8388625592417062,-0.14691943127962084,-0.7535545023696683,-0.17535545023696683,-0.43601895734597157,-0.15639810426540285,-0.3127962085308057,0.23696682464454977,-0.7298578199052133,0.09004739336492891,-0.6682464454976303,0.014218009478672985,-0.43601895734597157,-0.004739336492890996,-0.33649289099526064
2,0.0,0.0,-0.3761467889908257,-0.14220183486238533,-0.6559633027522935,-0.40825688073394495,-0.8119266055045872,-0.6605504587155964,-0.9678899082568807,-0.8027522935779816,-0.463302752293578,-0.6926605504587156,-0.536697247706422,-0.944954128440367,-0.5321100917431193,-0.7889908256880734,-0.5,-0.6100917431192661,-0.2706422018348624,-0.7110091743119266,-0.3302752293577982,-1.0,-0.3577981651376147,-0.7798165137614679,-0.3440366972477064,-0.5688073394495413,-0.07339449541284404,-0.6926605504587156,-0.11467889908256881,-0.9724770642201835,-0.16972477064220184,-0.7431192660550459,-0.17889908256880735,-0.536697247706422,0.12844036697247707,-0.6513761467889908,0.05963302752293578,-0.8440366972477065,-0.009174311926605505,-0.6880733944954128,-0.03211009174311927,-0.5321100917431193
2,0.0,0.0,-0.3880597014925373,-0.12437810945273632,-0.7064676616915423,-0.4129353233830846,-0.8606965174129353,-0.7014925373134329,-1.0,-0.8855721393034826,-0.5223880597014925,-0.6865671641791045,-0.527363184079602,-0.9800995024875622,-0.4427860696517413,-0.8208955223880597,-0.39800995024875624,-0.6218905472636815,-0.2835820895522388,-0.7164179104477612,-0.2885572139303483,-1.0,-0.22885572139303484,-0.7910447761194029,-0.21393034825870647,-0.582089552238806,-0.06965174129353234,-0.7014925373134329,-0.06965174129353234,-0.9601990049751243,-0.03980099502487562,-0.746268656716418,-0.05970149253731343,-0.5472636815920398,0.12935323383084577,-0.6467661691542289,0.14427860696517414,-0.8407960199004975,0.13432835820895522,-0.7014925373134329,0.10945273631840796,-0.5621890547263682
2,0.0,0.0,-0.3380952380952381,-0.14285714285714285,-0.6142857142857143,-0.44761904761904764,-0.7428571428571429,-0.7095238095238096,-0.8714285714285714,-0.9047619047619048,-0.3952380952380952,-0.7857142857142857,-0.44285714285714284,-0.9857142857142858,-0.4238095238095238,-0.7619047619047619,-0.4,-0.5523809523809524,-0.17142857142857143,-0.7761904761904762,-0.22857142857142856,-1.0,-0.24285714285714285,-0.7142857142857143,-0.23333333333333334,-0.4857142857142857,0.04285714285714286,-0.7095238095238096,0.004761904761904762,-0.9238095238095239,-0.04285714285714286,-0.6476190476190476,-0.05714285714285714,-0.43333333333333335,0.2571428571428571,-0.6142857142857143,0.20476190476190476,-0.7761904761904762,0.12857142857142856,-0.580952380952381,0.09047619047619047,-0.41904761904761906
2,0.0,0.0,-0.3902439024390244,-0.1024390243902439,-0.6878048780487804,-0.43414634146341463,-0.8146341463414634,-0.7463414634146341,-0.9512195121951219,-0.9512195121951219,-0.4926829268292683,-0.7365853658536585,-0.47804878048780486,-1.0,-0.4,-0.775609756097561,-0.36097560975609755,-0.5414634146341464,-0.22926829268292684,-0.7268292682926829,-0.2097560975609756,-0.9609756097560975,-0.17073170731707318,-0.6439024390243903,-0.17073170731707318,-0.3902439024390244,-0.004878048780487805,-0.6829268292682927,0.02926829268292683,-0.8634146341463415,0.01951219512195122,-0.5560975609756098,-0.024390243902439025,-0.33658536585365856,0.1902439024390244,-0.6146341463414634,0.2146341463414634,-0.7707317073170732,0.18536585365853658,-0.5658536585365853,0.14146341463414633,-0.4097560975609756
2,0.0,0.0,-0.3963963963963964,-0.14414414414414414,-0.6846846846846847,-0.38288288288288286,-0.8468468468468469,-0.6216216216216216,-1.0,-0.7837837837837838,-0.5135135135135135,-0.6531531531531531,-0.5630630630630631,-0.8648648648648649,-0.5405405405405406,-0.7252252252252253,-0.5135135135135135,-0.581081081081081,-0.32432432432432434,-0.7072072072072072,-0.3783783783783784,-0.9279279279279279,-0.3738738738738739,-0.7477477477477478,-0.35585585585585583,-0.5855855855855856,-0.13513513513513514,-0.7207207207207207,-0.18018018018018017,-0.9279279279279279,-0.1891891891891892,-0.7297297297297297,-0.1891891891891892,-0.5630630630630631,0.05405405405405406,-0.6891891891891891,0.018018018018018018,-0.8738738738738738,-0.018018018018018018,-0.7207207207207207,-0.03153153153153153,-0.5855855855855856
2,0.0,0.0,-0.34183673469387754,-0.11224489795918367,-0.6173469387755102,-0.39285714285714285,-0.7755102040816326,-0.6071428571428571,-0.9438775510204082,-0.7448979591836735,-0.45408163265306123,-0.7908163265306123,-0.5816326530612245,-0.9744897959183674,-0.5918367346938775,-0.7040816326530612,-0.5510204081632653,-0.5,-0.2602040816326531,-0.8010204081632653,-0.40816326530612246,-1.0,-0.4336734693877551,-0.673469387755102,-0.3877551020408163,-0.4387755102040816,-0.05612244897959184,-0.7755102040816326,-0.21428571428571427,-0.9744897959183674,-0.2602040816326531,-0.6530612244897959,-0.22448979591836735,-0.42346938775510207,0.17346938775510204,-0.7142857142857143,-0.00510204081632653,-0.8673469387755102,-0.08163265306122448,-0.6377551020408163,-0.0663265306122449,-0.44387755102040816
2,0.0,0.0,-0.40641711229946526,-0.08021390374331551,-0.7219251336898396,-0.34759358288770054,-0.8663101604278075,-0.6524064171122995,-0.9946524064171123,-0.8663101604278075,-0.5454545454545454,-0.6737967914438503,-0.5882352941176471,-0.9572192513368984,-0.5561497326203209,-0.8128342245989305,-0.5187165775401069,-0.6203208556149733,-0.31016042780748665,-0.7058823529411765,-0.3422459893048128,-1.0,-0.32620320855614976,-0.7754010695187166,-0.3155080213903743,-0.5668449197860963,-0.09090909090909091,-0.7005347593582888,-0.11229946524064172,-0.9786096256684492,-0.12299465240641712,-0.732620320855615,-0.1443850267379679,-0.5347593582887701,0.13368983957219252,-0.6577540106951871,0.11764705882352941,-0.8556149732620321,0.08021390374331551,-0.6844919786096256,0.0481283422459893,-0.5294117647058824
2,0.0,0.0,-0.31627906976744186,-0.14883720930232558,-0.5627906976744186,-0.4883720930232558,-0.6837209302325581,-0.7534883720930232,-0.8186046511627907,-0.9441860465116279,-0.3395348837209302,-0.8093023255813954,-0.4046511627906977,-1.0,-0.413953488372093,-0.7627906976744186,-0.4,-0.5627906976744186,-0.12093023255813953,-0.7813953488372093,-0.19534883720930232,-0.9813953488372092,-0.2372093023255814,-0.6790697674418604,-0.2372093023255814,-0.4558139534883721,0.08837209302325581,-0.7023255813953488,0.023255813953488372,-0.9069767441860465,-0.06046511627906977,-0.6139534883720931,-0.08837209302325581,-0.4,0.30697674418604654,-0.5953488372093023,0.20930232558139536,-0.7395348837209302,0.10232558139534884,-0.5395348837209303,0.06046511627906977,-0.37209302325581395
3,0.0,0.0,-0.009966777408637873,-0.3222591362126246,-0.11960132890365449,-0.584717607973422,-0.23255813953488372,-0.813953488372093,-0.23588039867109634,-1.0,-0.3787375415282392,-0.6179401993355482,-0.6777408637873754,-0.5946843853820598,-0.6079734219269103,-0.5083056478405316,-0.5016611295681063,-0.48172757475083056,-0.46179401993355484,-0.45514950166112955,-0.6976744186046512,-0.43521594684385384,-0.6179401993355482,-0.37209302325581395,-0.5149501661129569,-0.3488372093023256,-0.5149501661129569,-0.2757475083056478,-0.6843853820598007,-0.27906976744186046,-0.6112956810631229,-0.23255813953488372,-0.5182724252491694,-0.20930232558139536,-0.5481727574750831,-0.09966777408637874,-0.6677740863787376,-0.12624584717607973,-0.5813953488372093,-0.08637873754152824,-0.4983388704318937,-0.06976744186046512
3,0.0,0.0,-0.01509433962264151,-0.35471698113207545,-0.16981132075471697,-0.6264150943396226,-0.3471698113207547,-0.8188679245283019,-0.4075471698113208,-1.0,-0.6452830188679245,-0.5433962264150943,-0.5433962264150943,-0.5584905660377358,-0.4075471698113208,-0.5132075471698113,-0.3433962264150943,-0.4528301886792453,-0.7283018867924528,-0.33584905660377357,-0.6037735849056604,-0.36981132075471695,-0.47924528301886793,-0.33584905660377357,-0.41509433962264153,-0.27547169811320754,-0.7283018867924528,-0.13962264150943396,-0.6377358490566037,-0.19622641509433963,-0.5320754716981132,-0.1811320754716981,-0.4641509433962264,-0.13584905660377358,-0.6943396226415094,0.03773584905660377,-0.6377358490566037,-0.018867924528301886,-0.5358490566037736,-0.022641509433962263,-0.4716981132075472,0.0037735849056603774
3,0.0,0.0,-0.022727272727272728,-0.3484848484848485,-0.16287878787878787,-0.6325757575757576,-0.3522727272727273,-0.821969696969697,-0.4356060606060606,-1.0,-0.6174242424242424,-0.5303030303030303,-0.5416666666666666,-0.5795454545454546,-0.4053030303030303,-0.5303030303030303,-0.3409090909090909,-0.4621212121212121,-0.696969696969697,-0.32575757575757575,-0.5946969696969697,-0.3939393939393939,-0.4659090909090909,-0.35984848484848486,-0.4015151515151515,-0.29545454545454547,-0.7007575757575758,-0.13636363636363635,-0.6212121212121212,-0.21212121212121213,-0.5151515151515151,-0.20075757575757575,-0.4393939393939394,-0.15151515151515152,-0.6742424242424242,0.030303030303030304,-0.6325757575757576,-0.041666666666666664,-0.5303030303030303,-0.045454545454545456,-0.4583333333333333,-0.01893939393939394
3,0.0,0.0,-0.007380073800738007,-0.34317343173431736,-0.11808118081180811,-0.6051660516605166,-0.2693726937269373,-0.8191881918819188,-0.3247232472324723,-1.0,-0.5092250922509225,-0.5498154981549815,-0.6199261992619927,-0.5940959409594095,-0.5092250922509225,-0.5608856088560885,-0.4095940959409594,-0.5313653136531366,-0.5940959409594095,-0.36900369003690037,-0.6346863468634686,-0.45018450184501846,-0.5202952029520295,-0.42066420664206644,-0.4354243542435424,-0.3763837638376384,-0.6125461254612546,-0.19557195571955718,-0.6383763837638377,-0.3025830258302583,-0.5498154981549815,-0.28044280442804426,-0.46863468634686345,-0.23616236162361623,-0.6088560885608856,-0.05166051660516605,-0.6309963099630996,-0.15129151291512916,-0.5498154981549815,-0.13653136531365315,-0.4833948339483395,-0.1070110701107011
3,0.0,0.0,-0.02142857142857143,-0.31785714285714284,-0.125,-0.5857142857142857,-0.25357142857142856,-0.8035714285714286,-0.26785714285714285,-1.0,-0.42142857142857143,-0.6071428571428571,-0.7071428571428572,-0.5035714285714286,-0.625,-0.40714285714285714,-0.5178571428571429,-0.39285714285714285,-0.5,-0.43214285714285716,-0.7071428571428572,-0.31785714285714284,-0.6142857142857143,-0.24285714285714285,-0.5035714285714286,-0.24642857142857144,-0.55,-0.2357142857142857,-0.6857142857142857,-0.15,-0.5964285714285714,-0.09285714285714286,-0.49642857142857144,-0.08928571428571429,-0.5785714285714286,-0.039285714285714285,-0.6678571428571428,0.0035714285714285713,-0.5678571428571428,0.04642857142857143,-0.475,0.05
3,0.0,0.0,-0.007575757575757576,-0.3371212121212121,-0.11363636363636363,-0.5871212121212122,-0.23863636363636365,-0.8106060606060606,-0.2727272727272727,-1.0,-0.4393939393939394,-0.5340909090909091,-0.6363636363636364,-0.5871212121212122,-0.5303030303030303,-0.5606060606060606,-0.42424242424242425,-0.5340909090909091,-0.5189393939393939,-0.3522727272727273,-0.6590909090909091,-0.4393939393939394,-0.553030303030303,-0.42045454545454547,-0.4621212121212121,-0.38257575757575757,-0.553030303030303,-0.17803030303030304,-0.6363636363636364,-0.2803030303030303,-0.553030303030303,-0.26515151515151514,-0.4659090909090909,-0.23106060606060605,-0.5568181818181818,-0.030303030303030304,-0.6174242424242424,-0.13257575757575757,-0.5340909090909091,-0.125,-0.4621212121212121,-0.09848484848484848
3,0.0,0.0,-0.008,-0.304,-0.108,-0.572,-0.176,-0.808,-0.128,-1.0,-0.352,-0.636,-0.672,-0.564,-0.604,-0.464,-0.488,-0.452,-0.424,-0.472,-0.724,-0.392,-0.636,-0.308,-0.52,-0.312,-0.48,-0.292,-0.716,-0.228,-0.636,-0.164,-0.528,-0.168,-0.52,-0.112,-0.7,-0.08,-0.608,-0.028,-0.504,-0.032
3,0.0,0.0,-0.0035460992907801418,-0.32269503546099293,-0.09219858156028368,-0.5851063829787234,-0.16312056737588654,-0.8085106382978723,-0.1347517730496454,-1.0,-0.33687943262411346,-0.549645390070922,-0.6099290780141844,-0.6170212765957447,-0.5035460992907801,-0.5673758865248227,-0.38652482269503546,-0.5283687943262412,-0.41843971631205673,-0.375886524822695,-0.6524822695035462,-0.4574468085106383,-0.5460992907801419,-0.41843971631205673,-0.4397163120567376,-0.37943262411347517,-0.4716312056737589,-0.20567375886524822,-0.6418439716312057,-0.2872340425531915,-0.549645390070922,-0.25886524822695034,-0.4574468085106383,-0.22695035460992907,-0.49645390070921985,-0.04609929078014184,-0.6347517730496454,-0.1347517730496454,-0.549645390070922,-0.11347517730496454,-0.46808510638297873,-0.08156028368794327
3,0.0,0.0,-0.03409090909090909,-0.3333333333333333,-0.1590909090909091,-0.6098484848484849,-0.3371212121212121,-0.8181818181818182,-0.42045454545454547,-1.0,-0.5681818181818182,-0.6174242424242424,-0.7954545454545454,-0.4962121212121212,-0.7613636363636364,-0.38636363636363635,-0.6931818181818182,-0.3484848484848485,-0.6628787878787878,-0.44696969696969696,-0.7651515151515151,-0.2765151515151515,-0.6666666666666666,-0.21212121212121213,-0.5568181818181818,-0.2159090909090909,-0.6893939393939394,-0.23484848484848486,-0.7424242424242424,-0.10984848484848485,-0.6401515151515151,-0.06439393939393939,-0.5340909090909091,-0.07196969696969698,-0.6893939393939394,-0.01893939393939394,-0.6931818181818182,0.06818181818181818,-0.571969696969697,0.09090909090909091,-0.4734848484848485,0.07575757575757576
3,0.0,0.0,-0.04180064308681672,-0.33762057877813506,-0.1639871382636656,-0.5852090032154341,-0.2990353697749196,-0.7942122186495176,-0.3279742765273312,-1.0,-0.5305466237942122,-0.5209003215434084,-0.6655948553054662,-0.4983922829581994,-0.5530546623794212,-0.45980707395498394,-0.44694533762057875,-0.43729903536977494,-0.5884244372990354,-0.33440514469453375,-0.6720257234726688,-0.3408360128617363,-0.5659163987138264,-0.3183279742765273,-0.4694533762057878,-0.2990353697749196,-0.5916398713826366,-0.15112540192926044,-0.6495176848874598,-0.20257234726688103,-0.5659163987138264,-0.18971061093247588,-0.47266881028938906,-0.16720257234726688,-0.5659163987138264,0.0,-0.6012861736334405,-0.05787781350482315,-0.5176848874598071,-0.04823151125401929,-0.43729903536977494,-0.028938906752411574
3,0.0,0.0,-0.0599250936329588,-0.3408239700374532,-0.1797752808988764,-0.6067415730337079,-0.3408239700374532,-0.8052434456928839,-0.40074906367041196,-1.0,-0.602996254681648,-0.49063670411985016,-0.7565543071161048,-0.48314606741573035,-0.6292134831460674,-0.45318352059925093,-0.5093632958801498,-0.4344569288389513,-0.6666666666666666,-0.27340823970037453,-0.7378277153558053,-0.3146067415730337,-0.6142322097378277,-0.2958801498127341,-0.5093632958801498,-0.26591760299625467,-0.6704119850187266,-0.07116104868913857,-0.700374531835206,-0.1348314606741573,-0.602996254681648,-0.1198501872659176,-0.50187265917603,-0.09737827715355805,-0.6479400749063671,0.10112359550561797,-0.6779026217228464,0.03745318352059925,-0.5805243445692884,0.04119850187265917,-0.4943820224719101,0.056179775280898875
3,0.0,0.0,-0.015625,-0.34375,-0.1171875,-0.6171875,-0.25,-0.8125,-0.3046875,-1.0,-0.56640625,-0.546875,-0.51171875,-0.56640625,-0.390625,-0.51171875,-0.3203125,-0.4609375,-0.66015625,-0.34765625,-0.5625,-0.37109375,-0.44140625,-0.33203125,-0.3671875,-0.28515625,-0.6796875,-0.1484375,-0.59765625,-0.1875,-0.49609375,-0.171875,-0.4140625,-0.1328125,-0.6640625,0.03125,-0.62109375,-0.0078125,-0.52734375,-0.0078125,-0.4609375,0.015625
3,0.0,0.0,0.0311284046692607,-0.3463035019455253,-0.08560311284046693,-0.6147859922178989,-0.23735408560311283,-0.8210116731517509,-0.2529182879377432,-1.0,-0.5836575875486382,-0.6186770428015564,-0.5019455252918288,-0.5758754863813229,-0.36964980544747084,-0.4980544747081712,-0.29571984435797666,-0.44357976653696496,-0.7159533073929961,-0.42023346303501946,-0.5680933852140078,-0.38132295719844356,-0.4396887159533074,-0.31906614785992216,-0.377431906614786,-0.27626459143968873,-0.7509727626459144,-0.2140077821011673,-0.6303501945525292,-0.1828793774319066,-0.5136186770428015,-0.16731517509727625,-0.4396887159533074,-0.13618677042801555,-0.7509727626459144,-0.01556420233463035,-0.6653696498054474,-0.007782101167315175,-0.5486381322957199,0.0,-0.47470817120622566,0.023346303501945526
3,0.0,0.0,-0.012244897959183673,-0.363265306122449,-0.12244897959183673,-0.6448979591836734,-0.2816326530612245,-0.8244897959183674,-0.34285714285714286,-1.0,-0.6612244897959184,-0.5306122448979592,-0.5836734693877551,-0.6040816326530613,-0.42448979591836733,-0.5510204081632653,-0.33877551020408164,-0.4816326530612245,-0.746938775510204,-0.3142857142857143,-0.6612244897959184,-0.42448979591836733,-0.5306122448979592,-0.39591836734693875,-0.4530612244897959,-0.3306122448979592,-0.7510204081632653,-0.11428571428571428,-0.689795918367347,-0.22857142857142856,-0.5795918367346938,-0.20816326530612245,-0.4897959183673469,-0.1510204081632653,-0.7224489795918367,0.0653061224489796,-0.6938775510204082,-0.02857142857142857,-0.5918367346938775,-0.02857142857142857,-0.5183673469387755,0.012244897959183673
3,0.0,0.0,-0.03409090909090909,-0.3560606060606061,-0.16287878787878787,-0.6212121212121212,-0.3371212121212121,-0.8143939393939394,-0.4128787878787879,-1.0,-0.6136363636363636,-0.5227272727272727,-0.6477272727272727,-0.5454545454545454,-0.5075757575757576,-0.4962121212121212,-0.42045454545454547,-0.45454545454545453,-0.678030303030303,-0.3181818181818182,-0.6439393939393939,-0.36742424242424243,-0.5113636363636364,-0.3333333333333333,-0.42803030303030304,-0.2916666666666667,-0.6742424242424242,-0.125,-0.6212121212121212,-0.1856060606060606,-0.5189393939393939,-0.16666666666666666,-0.4318181818181818,-0.12878787878787878,-0.6477272727272727,0.04924242424242424,-0.6060606060606061,-0.01893939393939394,-0.5037878787878788,-0.011363636363636364,-0.42424242424242425,0.015151515151515152
3,0.0,0.0,-0.0299625468164794,-0.34831460674157305,-0.16853932584269662,-0.6292134831460674,-0.3295880149812734,-0.8277153558052435,-0.3857677902621723,-1.0,-0.5880149812734082,-0.550561797752809,-0.5955056179775281,-0.550561797752809,-0.47191011235955055,-0.49063670411985016,-0.4044943820224719,-0.4344569288389513,-0.6666666666666666,-0.35580524344569286,-0.6217228464419475,-0.3782771535580524,-0.5093632958801498,-0.3408239700374532,-0.4419475655430712,-0.29213483146067415,-0.6779026217228464,-0.1647940074906367,-0.6367041198501873,-0.20599250936329588,-0.5393258426966292,-0.18352059925093633,-0.45692883895131087,-0.14232209737827714,-0.6629213483146067,0.00749063670411985,-0.6367041198501873,-0.033707865168539325,-0.5355805243445693,-0.026217228464419477,-0.46441947565543074,0.0
3,0.0,0.0,0.0,-0.3357142857142857,-0.13214285714285715,-0.5928571428571429,-0.275,-0.8107142857142857,-0.3357142857142857,-1.0,-0.5107142857142857,-0.5428571428571428,-0.7392857142857143,-0.48214285714285715,-0.7178571428571429,-0.4392857142857143,-0.6678571428571428,-0.44642857142857145,-0.5821428571428572,-0.3464285714285714,-0.8,-0.3107142857142857,-0.8535714285714285,-0.33214285714285713,-0.8785714285714286,-0.3821428571428571,-0.6035714285714285,-0.14642857142857144,-0.7607142857142857,-0.14642857142857144,-0.8071428571428572,-0.18214285714285713,-0.8107142857142857,-0.23214285714285715,-0.5714285714285714,0.014285714285714285,-0.6392857142857142,-0.014285714285714285,-0.6178571428571429,-0.04642857142857143,-0.5857142857142857,-0.08571428571428572
3,0.0,0.0,-0.039711191335740074,-0.33935018050541516,-0.1624548736462094,-0.592057761732852,-0.2851985559566787,-0.8086642599277978,-0.30685920577617326,-1.0,-0.4584837545126354,-0.5306859205776173,-0.6678700361010831,-0.5451263537906137,-0.5703971119133574,-0.5126353790613718,-0.4620938628158845,-0.4981949458483754,-0.5270758122743683,-0.34296028880866425,-0.6787003610108303,-0.38267148014440433,-0.5776173285198556,-0.36101083032490977,-0.48014440433212996,-0.34296028880866425,-0.5523465703971119,-0.16606498194945848,-0.6462093862815884,-0.22021660649819494,-0.5631768953068592,-0.20577617328519857,-0.4729241877256318,-0.18411552346570398,-0.5487364620938628,-0.007220216606498195,-0.6137184115523465,-0.06859205776173286,-0.5270758122743683,-0.05415162454873646,-0.44765342960288806,-0.036101083032490974
3,0.0,0.0,-0.04659498207885305,-0.3118279569892473,-0.17921146953405018,-0.5913978494623656,-0.26881720430107525,-0.8136200716845878,-0.27956989247311825,-1.0,-0.33691756272401435,-0.5412186379928315,-0.6559139784946236,-0.5913978494623656,-0.5555555555555556,-0.5483870967741935,-0.43010752688172044,-0.5197132616487455,-0.3978494623655914,-0.3548387096774194,-0.6917562724014337,-0.4265232974910394,-0.5949820788530465,-0.3906810035842294,-0.4838709677419355,-0.36200716845878134,-0.43727598566308246,-0.16845878136200718,-0.6881720430107527,-0.25806451612903225,-0.5949820788530465,-0.22939068100358423,-0.4910394265232975,-0.2007168458781362,-0.46236559139784944,0.0,-0.6594982078853047,-0.1003584229390681,-0.5734767025089605,-0.08243727598566308,-0.48028673835125446,-0.04659498207885305
3,0.0,0.0,-0.05190311418685121,-0.2906574394463668,-0.19377162629757785,-0.5778546712802768,-0.3044982698961938,-0.8062283737024222,-0.2975778546712803,-1.0,-0.2906574394463668,-0.6470588235294118,-0.671280276816609,-0.5847750865051903,-0.6020761245674741,-0.4913494809688581,-0.4913494809688581,-0.4913494809688581,-0.3356401384083045,-0.4809688581314879,-0.726643598615917,-0.39792387543252594,-0.6262975778546713,-0.314878892733564,-0.5017301038062284,-0.32525951557093424,-0.3806228373702422,-0.2975778546712803,-0.7024221453287197,-0.21453287197231835,-0.6055363321799307,-0.1522491349480969,-0.4913494809688581,-0.1695501730103806,-0.4186851211072664,-0.10726643598615918,-0.6643598615916955,-0.04844290657439446,-0.5640138408304498,-0.006920415224913495,-0.45674740484429066,-0.0242214532871972359,0.0,0.0,-0.11440677966101695,0.3177966101694915,-0.326271186440678,0.6186440677966102,-0.5084745762711864,0.8177966101694916,-0.5847457627118644,1.0,-0.6779661016949152,0.4194915254237288,-0.923728813559322,0.4957627118644068,-0.7796610169491526,0.461864406779661,-0.6016949152542372,0.4194915254237288,-0.7033898305084746,0.24152542372881355,-0.9279661016949152,0.2923728813559322,-0.6864406779661016,0.2796610169491525,-0.4830508474576271,0.2669491525423729,-0.6864406779661016,0.059322033898305086,-0.8898305084745762,0.09322033898305085,-0.6483050847457628,0.11016949152542373,-0.4576271186440678,0.11864406779661017,-0.635593220338983,-0.1271186440677966,-0.7966101694915254,-0.09322033898305085,-0.635593220338983,-0.0423728813559322,-0.4957627118644068,-0.00847457627118644
4,0.0,0.0,-0.12552301255230125,0.3179916317991632,-0.3389121338912134,0.606694560669456,-0.5146443514644351,0.8117154811715481,-0.5857740585774058,1.0,-0.6694560669456067,0.41422594142259417,-0.9079497907949791,0.48535564853556484,-0.7824267782426778,0.4476987447698745,-0.6108786610878661,0.40585774058577406,-0.698744769874477,0.24267782426778242,-0.9205020920502092,0.28870292887029286,-0.6820083682008368,0.2719665271966527,-0.4895397489539749,0.25523012552301255,-0.6861924686192469,0.06694560669456066,-0.8828451882845189,0.09623430962343096,-0.6443514644351465,0.1087866108786611,-0.4602510460251046,0.1087866108786611,-0.6317991631799164,-0.11715481171548117,-0.799163179916318,-0.08786610878661087,-0.6359832635983264,-0.04184100418410042,-0.5062761506276151,-0.016736401673640166
4,0.0,0.0,0.020689655172413793,0.2896551724137931,-0.06206896551724138,0.593103448275862,-0.16206896551724137,0.8310344827586207,-0.20344827586206896,1.0,-0.2827586206896552,0.5448275862068965,-0.47586206896551725,0.6275862068965518,-0.4517241379310345,0.5310344827586206,-0.39655172413793105,0.45517241379310347,-0.3620689655172414,0.39655172413793105,-0.5586206896551724,0.4482758620689655,-0.4068965517241379,0.33793103448275863,-0.2793103448275862,0.30689655172413793,-0.4103448275862069,0.25517241379310346,-0.5827586206896552,0.2793103448275862,-0.4068965517241379,0.19310344827586207,-0.27586206896551724,0.17586206896551723,-0.43448275862068964,0.1103448275862069,-0.5586206896551724,0.10689655172413794,-0.43103448275862066,0.06896551724137931,-0.32413793103448274,0.07241379310344828
4,0.0,0.0,-0.03389830508474576,0.3050847457627119,-0.14915254237288136,0.6,-0.25084745762711863,0.8169491525423729,-0.2847457627118644,1.0,-0.49491525423728816,0.46779661016949153,-0.7050847457627119,0.5627118644067797,-0.576271186440678,0.5084745762711864,-0.42033898305084744,0.43728813559322033,-0.5559322033898305,0.3152542372881356,-0.7593220338983051,0.39322033898305087,-0.5423728813559322,0.3423728813559322,-0.36271186440677966,0.288135593220339,-0.576271186440678,0.15254237288135594,-0.7559322033898305,0.22372881355932203,-0.535593220338983,0.19322033898305085,-0.3593220338983051,0.15932203389830507,-0.5694915254237288,-0.023728813559322035,-0.7220338983050848,0.04067796610169491,-0.559322033898305,0.0576271186440678,-0.41694915254237286,0.061016949152542375
4,0.0,0.0,-0.07782101167315175,0.28793774319066145,-0.2529182879377432,0.5719844357976653,-0.38910505836575876,0.7898832684824902,-0.4396887159533074,1.0,-0.6147859922178989,0.4046692607003891,-0.7782101167315175,0.5019455252918288,-0.5680933852140078,0.46303501945525294,-0.4046692607003891,0.42023346303501946,-0.6459143968871596,0.23735408560311283,-0.7937743190661478,0.3346303501945525,-0.5214007782101168,0.29961089494163423,-0.36964980544747084,0.25680933852140075,-0.6381322957198443,0.0622568093385214,-0.7821011673151751,0.1556420233463035,-0.5136186770428015,0.13618677042801555,-0.36186770428015563,0.10505836575875487,-0.5992217898832685,-0.1245136186770428,-0.7159533073929961,-0.038910505836575876,-0.5214007782101168,-0.011673151750972763,-0.4085603112840467,-0.011673151750972763
4,0.0,0.0,-0.05511811023622047,0.2795275590551181,-0.21653543307086615,0.5866141732283464,-0.3543307086614173,0.8149606299212598,-0.40551181102362205,1.0,-0.562992125984252,0.4645669291338583,-0.7519685039370079,0.4763779527559055,-0.5433070866141733,0.38976377952755903,-0.38976377952755903,0.3464566929133858,-0.5905511811023622,0.2755905511811024,-0.7677165354330708,0.2755905511811024,-0.4921259842519685,0.21653543307086615,-0.35039370078740156,0.22440944881889763,-0.5866141732283464,0.09448818897637795,-0.7322834645669292,0.08267716535433071,-0.48031496062992124,0.05905511811023622,-0.3543307086614173,0.08267716535433071,-0.5590551181102362,-0.07874015748031496,-0.6929133858267716,-0.08267716535433071,-0.515748031496063,-0.07874015748031496,-0.41732283464566927,-0.051181102362204724
4,0.0,0.0,-0.017316017316017316,0.27705627705627706,-0.14285714285714285,0.5844155844155844,-0.2510822510822511,0.8095238095238095,-0.26406926406926406,1.0,-0.4935064935064935,0.5021645021645021,-0.658008658008658,0.5584415584415584,-0.48484848484848486,0.4675324675324675,-0.33766233766233766,0.39826839826839827,-0.5497835497835498,0.3333333333333333,-0.7056277056277056,0.38095238095238093,-0.47186147186147187,0.2987012987012987,-0.3203463203463203,0.2554112554112554,-0.5670995670995671,0.16017316017316016,-0.7186147186147186,0.19480519480519481,-0.48484848484848486,0.1471861471861472,-0.3333333333333333,0.12987012987012986,-0.5584415584415584,-0.012987012987012988,-0.696969696969697,0.021645021645021644,-0.5238095238095238,0.012987012987012988,-0.4069264069264069,0.017316017316017316
4,0.0,0.0,-0.034482758620689655,0.2543103448275862,-0.1853448275862069,0.5517241379310345,-0.3275862068965517,0.7931034482758621,-0.3620689655172414,1.0,-0.5862068965517241,0.49137931034482757,-0.7327586206896551,0.4482758620689655,-0.5043103448275862,0.35344827586206895,-0.3620689655172414,0.31896551724137934,-0.6293103448275862,0.2974137931034483,-0.7629310344827587,0.25,-0.4698275862068966,0.1896551724137931,-0.35344827586206895,0.21551724137931033,-0.6293103448275862,0.11637931034482758,-0.728448275862069,0.0603448275862069,-0.4698275862068966,0.03879310344827586,-0.3706896551724138,0.08620689655172414,-0.5991379310344828,-0.04741379310344827,-0.6982758620689655,-0.08620689655172414,-0.5043103448275862,-0.08620689655172414,-0.4224137931034483,-0.03879310344827586
4,0.0,0.0,-0.07488986784140969,0.28634361233480177,-0.23348017621145375,0.5770925110132159,-0.3700440528634361,0.801762114537445,-0.3920704845814978,1.0,-0.5859030837004405,0.5154185022026432,-0.7841409691629956,0.44493392070484583,-0.5859030837004405,0.3303964757709251,-0.42731277533039647,0.28193832599118945,-0.6343612334801763,0.31718061674008813,-0.7973568281938326,0.24669603524229075,-0.5330396475770925,0.16299559471365638,-0.3744493392070485,0.17180616740088106,-0.6387665198237885,0.13656387665198239,-0.7797356828193832,0.05726872246696035,-0.5286343612334802,0.01762114537444934,-0.3788546255506608,0.05726872246696035,-0.6167400881057269,-0.030837004405286344,-0.7400881057268722,-0.09691629955947137,-0.5550660792951542,-0.10572687224669604,-0.43612334801762115,-0.05286343612334802
4,0.0,0.0,-0.04428044280442804,0.2952029520295203,-0.18081180811808117,0.5793357933579336,-0.3284132841328413,0.8118081180811808,-0.3837638376383764,1.0,-0.4944649446494465,0.4944649446494465,-0.7195571955719557,0.4944649446494465,-0.5387453874538746,0.3837638376383764,-0.3837638376383764,0.33210332103321033,-0.5350553505535055,0.3062730627306273,-0.7453874538745388,0.2988929889298893,-0.4870848708487085,0.21033210332103322,-0.33948339483394835,0.2177121771217712,-0.5387453874538746,0.14022140221402213,-0.7232472324723247,0.11439114391143912,-0.4833948339483395,0.07011070110701106,-0.34317343173431736,0.09225092250922509,-0.5129151291512916,-0.01845018450184502,-0.6752767527675276,-0.05904059040590406,-0.5239852398523985,-0.07011070110701106,-0.42066420664206644,-0.033210332103321034
4,0.0,0.0,-0.020905923344947737,0.27177700348432055,-0.17770034843205576,0.5853658536585366,-0.3240418118466899,0.8222996515679443,-0.40418118466898956,1.0,-0.49477351916376305,0.5156794425087108,-0.7212543554006968,0.49825783972125437,-0.5644599303135889,0.41114982578397213,-0.4146341463414634,0.3623693379790941,-0.5296167247386759,0.3344947735191638,-0.7526132404181185,0.32752613240418116,-0.5087108013937283,0.24390243902439024,-0.3519163763066202,0.23344947735191637,-0.5365853658536586,0.17421602787456447,-0.7142857142857143,0.14982578397212543,-0.4808362369337979,0.0975609756097561,-0.3344947735191638,0.10801393728222997,-0.5226480836236934,0.020905923344947737,-0.6689895470383276,0.006968641114982578,-0.5017421602787456,-0.020905923344947737,-0.3867595818815331,-0.003484320557491289
4,0.0,0.0,-0.01935483870967742,0.2903225806451613,-0.17096774193548386,0.5903225806451613,-0.3161290322580645,0.8161290322580645,-0.3709677419354839,1.0,-0.45806451612903226,0.4935483870967742,-0.6774193548387096,0.5064516129032258,-0.5193548387096775,0.43548387096774194,-0.38064516129032255,0.3967741935483871,-0.5,0.3161290322580645,-0.7129032258064516,0.33225806451612905,-0.4838709677419355,0.267741935483871,-0.33225806451612905,0.25161290322580643,-0.5064516129032258,0.15483870967741936,-0.6741935483870968,0.15483870967741936,-0.45161290322580644,0.11290322580645161,-0.3096774193548387,0.11290322580645161,-0.49032258064516127,0.0032258064516129032,-0.6193548387096774,0.00967741935483871,-0.4645161290322581,-0.0064516129032258064,-0.3580645161290323,0.0032258064516129032
4,0.0,0.0,-0.07560137457044673,0.3024054982817869,-0.25773195876288657,0.6048109965635738,-0.422680412371134,0.8178694158075601,-0.5051546391752577,1.0,-0.5945017182130584,0.43986254295532645,-0.7766323024054983,0.44673539518900346,-0.5979381443298969,0.39862542955326463,-0.43986254295532645,0.3745704467353952,-0.6185567010309279,0.24398625429553264,-0.8144329896907216,0.2508591065292096,-0.5532646048109966,0.21993127147766323,-0.38144329896907214,0.21305841924398625,-0.6048109965635738,0.061855670103092786,-0.7697594501718213,0.061855670103092786,-0.5051546391752577,0.05154639175257732,-0.3470790378006873,0.058419243986254296,-0.563573883161512,-0.10996563573883161,-0.7044673539518901,-0.09621993127147767,-0.5154639175257731,-0.09278350515463918,-0.39862542955326463,-0.07903780068728522
4,0.0,0.0,-0.08267716535433071,0.3110236220472441,-0.25196850393700787,0.6062992125984252,-0.4094488188976378,0.8149606299212598,-0.468503937007874,1.0,-0.6181102362204725,0.42913385826771655,-0.8149606299212598,0.48031496062992124,-0.6220472440944882,0.4409448818897638,-0.4566929133858268,0.4015748031496063,-0.6456692913385826,0.2440944881889764,-0.8228346456692913,0.2874015748031496,-0.5551181102362205,0.24803149606299213,-0.39763779527559057,0.22440944881889763,-0.6377952755905512,0.06692913385826772,-0.8070866141732284,0.09448818897637795,-0.5433070866141733,0.08661417322834646,-0.3937007874015748,0.08661417322834646,-0.594488188976378,-0.11811023622047244,-0.7598425196850394,-0.09055118110236221,-0.5748031496062992,-0.05905511811023622,-0.452755905511811,-0.03543307086614173
4,0.0,0.0,-0.05785123966942149,0.2892561983471074,-0.23553719008264462,0.5909090909090909,-0.39669421487603307,0.8057851239669421,-0.45867768595041325,1.0,-0.5785123966942148,0.47107438016528924,-0.7727272727272727,0.512396694214876,-0.5785123966942148,0.4256198347107438,-0.4214876033057851,0.3760330578512397,-0.6239669421487604,0.29338842975206614,-0.8016528925619835,0.3140495867768595,-0.5247933884297521,0.25206611570247933,-0.38016528925619836,0.24380165289256198,-0.6239669421487604,0.11570247933884298,-0.7851239669421488,0.12396694214876033,-0.5247933884297521,0.09917355371900827,-0.3884297520661157,0.10743801652892562,-0.5991735537190083,-0.05371900826446281,-0.756198347107438,-0.0371900826446281,-0.5743801652892562,-0.0371900826446281,-0.47107438016528924,-0.01652892561983471
4,0.0,0.0,-0.050761421319796954,0.28426395939086296,-0.2436548223350254,0.583756345177665,-0.4416243654822335,0.8020304568527918,-0.5177664974619289,1.0,-0.6548223350253807,0.467005076142132,-0.883248730964467,0.39593908629441626,-0.6548223350253807,0.3248730964467005,-0.48223350253807107,0.30456852791878175,-0.6751269035532995,0.25888324873096447,-0.8629441624365483,0.18274111675126903,-0.5685279187817259,0.14213197969543148,-0.4213197969543147,0.17258883248730963,-0.6649746192893401,0.07614213197969544,-0.8020304568527918,-0.005076142131979695,-0.5431472081218274,-0.005076142131979695,-0.4213197969543147,0.050761421319796954,-0.6345177664974619,-0.09644670050761421,-0.7614213197969543,-0.16751269035532995,-0.5685279187817259,-0.15736040609137056,-0.467005076142132,-0.08629441624365482
4,0.0,0.0,-0.057777777777777775,0.28444444444444444,-0.23555555555555555,0.5822222222222222,-0.41333333333333333,0.8133333333333334,-0.4888888888888889,1.0,-0.5777777777777777,0.48,-0.8,0.4533333333333333,-0.6044444444444445,0.3466666666666667,-0.4266666666666667,0.29777777777777775,-0.6,0.29333333333333333,-0.7866666666666666,0.24888888888888888,-0.5244444444444445,0.1688888888888889,-0.36444444444444446,0.18666666666666668,-0.5777777777777777,0.12444444444444444,-0.7422222222222222,0.06666666666666667,-0.5111111111111111,0.03111111111111111,-0.3688888888888889,0.06666666666666667,-0.5422222222222223,-0.02666666666666667,-0.6844444444444444,-0.08888888888888889,-0.5333333333333333,-0.09333333333333334,-0.43555555555555553,-0.04
4,0.0,0.0,-0.050387596899224806,0.28294573643410853,-0.20155038759689922,0.5775193798449613,-0.35658914728682173,0.810077519379845,-0.41472868217054265,1.0,-0.5155038759689923,0.4844961240310077,-0.7170542635658915,0.4689922480620155,-0.5697674418604651,0.375968992248062,-0.4186046511627907,0.32558139534883723,-0.5426356589147286,0.31007751937984496,-0.7209302325581395,0.29069767441860467,-0.5,0.22093023255813954,-0.3372093023255814,0.2131782945736434,-0.5271317829457365,0.14728682170542637,-0.689922480620155,0.11627906976744186,-0.47674418604651164,0.08139534883720931,-0.32170542635658916,0.09689922480620156,-0.49224806201550386,0.0,-0.6395348837209303,-0.027131782945736434,-0.49224806201550386,-0.03488372093023256,-0.37209302325581395,-0.007751937984496124
4,0.0,0.0,-0.04,0.336,-0.192,0.62,-0.348,0.836,-0.384,1.0,-0.452,0.504,-0.66,0.492,-0.476,0.4,-0.34,0.372,-0.492,0.3,-0.704,0.304,-0.44,0.22,-0.304,0.232,-0.496,0.124,-0.684,0.116,-0.432,0.064,-0.304,0.088,-0.468,-0.052,-0.624,-0.068,-0.448,-0.092,-0.352,-0.064
4,0.0,0.0,0.0,0.2743682310469314,-0.1299638989169675,0.5884476534296029,-0.2815884476534296,0.8158844765342961,-0.36462093862815886,1.0,-0.4151624548736462,0.5270758122743683,-0.6209386281588448,0.5234657039711191,-0.5126353790613718,0.44404332129963897,-0.3935018050541516,0.3898916967509025,-0.4620938628158845,0.35018050541516244,-0.6714801444043321,0.35379061371841153,-0.4620938628158845,0.2779783393501805,-0.30685920577617326,0.259927797833935,-0.48014440433212996,0.19133574007220217,-0.6534296028880866,0.18050541516245489,-0.44765342960288806,0.1263537906137184,-0.2924187725631769,0.1263537906137184,-0.47653429602888087,0.039711191335740074,-0.6173285198555957,0.02888086642599278,-0.4729241877256318,0.0,-0.35379061371841153,0.010830324909747292
4,0.0,0.0,-0.06870229007633588,0.32061068702290074,-0.22519083969465647,0.6259541984732825,-0.37786259541984735,0.8358778625954199,-0.46564885496183206,1.0,-0.5648854961832062,0.4618320610687023,-0.732824427480916,0.4770992366412214,-0.5687022900763359,0.4351145038167939,-0.41603053435114506,0.40458015267175573,-0.6068702290076335,0.2748091603053435,-0.816793893129771,0.29770992366412213,-0.549618320610687,0.26717557251908397,-0.366412213740458,0.24045801526717558,-0.6030534351145038,0.0916030534351145,-0.7709923664122137,0.10687022900763359,-0.5038167938931297,0.10305343511450382,-0.33587786259541985,0.10305343511450382,-0.5610687022900763,-0.08778625954198473,-0.7061068702290076,-0.061068702290076333,-0.5076335877862596,-0.04198473282442748,-0.38549618320610685,-0.019083969465648856
5,0.0,0.0,-0.13381995133819952,-0.1070559610705596,-0.1922141119221411,-0.2895377128953771,-0.10948905109489052,-0.4282238442822384,0.012165450121654502,-0.49148418491484186,-0.15571776155717762,-0.5231143552311436,-0.20194647201946472,-0.7055961070559611,-0.23114355231143552,-0.8223844282238443,-0.24817518248175183,-0.927007299270073,-0.031630170316301706,-0.5328467153284672,-0.014598540145985401,-0.7518248175182481,-0.014598540145985401,-0.8856447688564477,-0.0072992700729927005,-1.0,0.08029197080291971,-0.48661800486618007,0.11435523114355231,-0.6472019464720195,0.051094890510948905,-0.5279805352798054,0.0072992700729927005,-0.4233576642335766,0.17761557177615572,-0.40389294403892945,0.18248175182481752,-0.5060827250608273,0.12165450121654502,-0.43552311435523117,0.07785888077858881,-0.35523114355231145
5,0.0,0.0,-0.16030534351145037,-0.11195928753180662,-0.22137404580152673,-0.3053435114503817,-0.14249363867684478,-0.47837150127226463,-0.043256997455470736,-0.5750636132315522,-0.21374045801526717,-0.5038167938931297,-0.272264631043257,-0.6997455470737913,-0.2951653944020356,-0.821882951653944,-0.30025445292620867,-0.926208651399491,-0.08142493638676845,-0.5292620865139949,-0.0737913486005089,-0.7531806615776081,-0.07633587786259542,-0.8931297709923665,-0.06361323155216285,-1.0,0.03816793893129771,-0.5012722646310432,0.0916030534351145,-0.6946564885496184,0.05343511450381679,-0.6412213740458015,0.02544529262086514,-0.5572519083969466,0.15012722646310434,-0.4402035623409669,0.18829516539440203,-0.5826972010178118,0.1450381679389313,-0.5521628498727735,0.09923664122137404,-0.48091603053435117
5,0.0,0.0,-0.1580246913580247,-0.10123456790123457,-0.23209876543209876,-0.2740740740740741,-0.16049382716049382,-0.4271604938271605,-0.04691358024691358,-0.5135802469135803,-0.20246913580246914,-0.49876543209876545,-0.2641975308641975,-0.691358024691358,-0.2938271604938272,-0.8148148148148148,-0.3111111111111111,-0.9209876543209876,-0.07901234567901234,-0.5160493827160494,-0.0691358024691358,-0.745679012345679,-0.0691358024691358,-0.8814814814814815,-0.056790123456790124,-1.0,0.03209876543209877,-0.48148148148148145,0.06666666666666667,-0.6790123456790124,0.0049382716049382715,-0.5654320987654321,-0.0345679012345679,-0.454320987654321,0.1382716049382716,-0.40987654320987654,0.14320987654320988,-0.5456790123456791,0.08641975308641975,-0.49382716049382713,0.04197530864197531,-0.41975308641975306
5,0.0,0.0,-0.1711229946524064,-0.09090909090909091,-0.27540106951871657,-0.24866310160427807,-0.27540106951871657,-0.4144385026737968,-0.17379679144385027,-0.49732620320855614,-0.18983957219251338,-0.47058823529411764,-0.25935828877005346,-0.6657754010695187,-0.3074866310160428,-0.7834224598930482,-0.3422459893048128,-0.8877005347593583,-0.08021390374331551,-0.49732620320855614,-0.06951871657754011,-0.7459893048128342,-0.09358288770053476,-0.8850267379679144,-0.10427807486631016,-1.0,0.0213903743315508,-0.47593582887700536,-0.00267379679144385,-0.6737967914438503,-0.09893048128342247,-0.5882352941176471,-0.1497326203208556,-0.48663101604278075,0.11497326203208556,-0.42245989304812837,0.06149732620320856,-0.5641711229946524,-0.029411764705882353,-0.5427807486631016,-0.08823529411764706,-0.4893048128342246
5,0.0,0.0,-0.15193370165745856,-0.016574585635359115,-0.2430939226519337,-0.1712707182320442,-0.27624309392265195,-0.3011049723756906,-0.23756906077348067,-0.40331491712707185,-0.13812154696132597,-0.4447513812154696,-0.23480662983425415,-0.643646408839779,-0.2955801104972376,-0.7541436464088398,-0.3397790055248619,-0.856353591160221,-0.04143646408839779,-0.4558011049723757,-0.06077348066298342,-0.7265193370165746,-0.10497237569060773,-0.8784530386740331,-0.13535911602209943,-1.0,0.04696132596685083,-0.4171270718232044,-0.03591160220994475,-0.6215469613259669,-0.1298342541436464,-0.48066298342541436,-0.17403314917127072,-0.35359116022099446,0.12154696132596685,-0.3425414364640884,0.0027624309392265192,-0.4889502762430939,-0.09668508287292818,-0.4088397790055249,-0.1464088397790055,-0.30939226519337015
5,0.0,0.0,-0.15,-0.039473684210526314,-0.22105263157894736,-0.20789473684210527,-0.16578947368421051,-0.35,-0.05,-0.4105263157894737,-0.11842105263157894,-0.4631578947368421,-0.1763157894736842,-0.6631578947368421,-0.2131578947368421,-0.7894736842105263,-0.24736842105263157,-0.9026315789473685,0.0,-0.46578947368421053,0.02631578947368421,-0.7157894736842105,0.010526315789473684,-0.868421052631579,0.005263157894736842,-1.0,0.09736842105263158,-0.4105263157894737,0.08157894736842106,-0.6131578947368421,0.0,-0.46578947368421053,-0.034210526315789476,-0.3473684210526316,0.18947368421052632,-0.31842105263157894,0.12105263157894737,-0.4342105263157895,0.04736842105263158,-0.33421052631578946,0.02368421052631579,-0.24210526315789474
5,0.0,0.0,-0.14130434782608695,-0.051630434782608696,-0.17119565217391305,-0.22826086956521738,-0.03804347826086957,-0.36141304347826086,0.09782608695652174,-0.42934782608695654,-0.13043478260869565,-0.48097826086956524,-0.16576086956521738,-0.7010869565217391,-0.1793478260869565,-0.8369565217391305,-0.1793478260869565,-0.9565217391304348,0.019021739130434784,-0.4891304347826087,0.04891304347826087,-0.7255434782608695,0.07065217391304347,-0.875,0.10326086956521739,-1.0,0.14402173913043478,-0.4266304347826087,0.20652173913043478,-0.6086956521739131,0.15217391304347827,-0.49728260869565216,0.11141304347826086,-0.39402173913043476,0.25815217391304346,-0.3233695652173913,0.296195652173913,-0.42934782608695654,0.23641304347826086,-0.3695652173913043,0.19021739130434784,-0.29891304347826086
5,0.0,0.0,-0.17632241813602015,-0.09571788413098237,-0.24937027707808565,-0.3148614609571788,-0.1712846347607053,-0.49622166246851385,-0.05793450881612091,-0.5793450881612091,-0.23929471032745592,-0.5037783375314862,-0.30730478589420657,-0.690176322418136,-0.3350125944584383,-0.8085642317380353,-0.3526448362720403,-0.9118387909319899,-0.10579345088161209,-0.5340050377833753,-0.10579345088161209,-0.7581863979848866,-0.11586901763224182,-0.8967254408060453,-0.11335012594458438,-1.0,0.017632241813602016,-0.5062972292191436,0.05289672544080604,-0.7103274559193955,0.007556675062972292,-0.6397984886649875,-0.020151133501259445,-0.5440806045340051,0.1309823677581864,-0.44584382871536526,0.1309823677581864,-0.5617128463476071,0.08816120906801007,-0.49370277078085645,0.05793450881612091,-0.40302267002518893
5,0.0,0.0,-0.14507772020725387,-0.10621761658031088,-0.18652849740932642,-0.2979274611398964,-0.08290155440414508,-0.45077720207253885,0.03626943005181347,-0.533678756476684,-0.16321243523316062,-0.5233160621761658,-0.19430051813471502,-0.7253886010362695,-0.20207253886010362,-0.8549222797927462,-0.19948186528497408,-0.9559585492227979,-0.023316062176165803,-0.533678756476684,0.015544041450777202,-0.7616580310880829,0.03367875647668394,-0.8989637305699482,0.054404145077720206,-1.0,0.09585492227979274,-0.4844559585492228,0.16839378238341968,-0.6865284974093264,0.14507772020725387,-0.6347150259067358,0.12435233160621761,-0.5569948186528497,0.19689119170984457,-0.39896373056994816,0.24611398963730569,-0.5284974093264249,0.20984455958549222,-0.4844559585492228,0.17357512953367876,-0.40932642487046633
5,0.0,0.0,-0.15503875968992248,-0.11369509043927649,-0.20671834625322996,-0.31266149870801035,-0.10077519379844961,-0.4702842377260982,0.01808785529715762,-0.5529715762273901,-0.18863049095607234,-0.5038759689922481,-0.2222222222222222,-0.6976744186046512,-0.23772609819121446,-0.8217054263565892,-0.23772609819121446,-0.9276485788113695,-0.04909560723514212,-0.524547803617571,-0.025839793281653745,-0.7493540051679587,-0.012919896640826873,-0.8888888888888888,0.0103359173126615,-1.0,0.07235142118863049,-0.48320413436692505,0.13953488372093023,-0.6666666666666666,0.09302325581395349,-0.6020671834625323,0.056847545219638244,-0.5193798449612403,0.17829457364341086,-0.4108527131782946,0.22739018087855298,-0.5348837209302325,0.18087855297157623,-0.4935400516795866,0.13953488372093023,-0.4263565891472868
5,0.0,0.0,-0.15013404825737264,-0.10723860589812333,-0.19839142091152814,-0.289544235924933,-0.06970509383378017,-0.4343163538873995,0.058981233243967826,-0.514745308310992,-0.1742627345844504,-0.4932975871313673,-0.19839142091152814,-0.710455764075067,-0.20107238605898123,-0.8418230563002681,-0.19302949061662197,-0.9517426273458445,-0.03485254691689008,-0.5120643431635389,0.0160857908847185,-0.7533512064343163,0.045576407506702415,-0.8900804289544236,0.07506702412868632,-1.0,0.08042895442359249,-0.4691689008042895,0.16085790884718498,-0.6300268096514745,0.12064343163538874,-0.5415549597855228,0.08847184986595175,-0.45308310991957107,0.17962466487935658,-0.38605898123324395,0.22788203753351208,-0.4906166219839142,0.1876675603217158,-0.4262734584450402,0.14745308310991956,-0.35656836461126007
5,0.0,0.0,-0.19576719576719576,-0.018518518518518517,-0.3201058201058201,-0.1455026455026455,-0.3253968253968254,-0.30687830687830686,-0.2804232804232804,-0.43915343915343913,-0.3412698412698413,-0.41798941798941797,-0.43386243386243384,-0.6243386243386243,-0.48148148148148145,-0.7486772486772487,-0.5132275132275133,-0.8624338624338624,-0.21957671957671956,-0.4656084656084656,-0.23015873015873015,-0.7301587301587301,-0.23809523809523808,-0.8756613756613757,-0.23809523809523808,-1.0,-0.10582010582010581,-0.4523809523809524,-0.14285714285714285,-0.6587301587301587,-0.1931216931216931,-0.5238095238095238,-0.21428571428571427,-0.3994708994708995,0.005291005291005291,-0.4021164021164021,-0.047619047619047616,-0.5264550264550265,-0.09788359788359788,-0.4312169312169312,-0.12169312169312169,-0.3253968253968254
5,0.0,0.0,-0.19662921348314608,0.016853932584269662,-0.36797752808988765,-0.06741573033707865,-0.4044943820224719,-0.21067415730337077,-0.3848314606741573,-0.351123595505618,-0.41292134831460675,-0.40730337078651685,-0.5421348314606742,-0.5870786516853933,-0.6151685393258427,-0.699438202247191,-0.6741573033707865,-0.8089887640449438,-0.29213483146067415,-0.46629213483146065,-0.3651685393258427,-0.7247191011235955,-0.40730337078651685,-0.8764044943820225,-0.4353932584269663,-1.0,-0.16292134831460675,-0.46348314606741575,-0.2556179775280899,-0.598314606741573,-0.300561797752809,-0.4550561797752809,-0.3146067415730337,-0.32865168539325845,-0.03651685393258427,-0.42134831460674155,-0.1404494382022472,-0.5,-0.19382022471910113,-0.38202247191011235,-0.21629213483146068,-0.2640449438202247
5,0.0,0.0,-0.17119565217391305,-0.035326086956521736,-0.2798913043478261,-0.16304347826086957,-0.27445652173913043,-0.28804347826086957,-0.22554347826086957,-0.391304347826087,-0.2608695652173913,-0.4701086956521739,-0.33152173913043476,-0.6630434782608695,-0.375,-0.7853260869565217,-0.41032608695652173,-0.8994565217391305,-0.1358695652173913,-0.4945652173913043,-0.13858695652173914,-0.7364130434782609,-0.15217391304347827,-0.8804347826086957,-0.16032608695652173,-1.0,-0.021739130434782608,-0.4592391304347826,-0.0625,-0.6168478260869565,-0.12228260869565218,-0.47554347826086957,-0.15217391304347827,-0.358695652173913,0.07880434782608696,-0.3858695652173913,-0.010869565217391304,-0.44565217391304346,-0.07880434782608696,-0.33967391304347827,-0.11684782608695653,-0.24728260869565216
5,0.0,0.0,-0.16574585635359115,-0.08011049723756906,-0.26243093922651933,-0.23204419889502761,-0.22375690607734808,-0.3784530386740331,-0.11602209944751381,-0.4696132596685083,-0.23756906077348067,-0.4889502762430939,-0.2983425414364641,-0.6823204419889503,-0.3287292817679558,-0.8011049723756906,-0.35082872928176795,-0.9060773480662984,-0.11602209944751381,-0.505524861878453,-0.09668508287292818,-0.7486187845303868,-0.10220994475138122,-0.8839779005524862,-0.09944751381215469,-1.0,-0.0055248618784530384,-0.4613259668508287,-0.013812154696132596,-0.6298342541436464,-0.08011049723756906,-0.5165745856353591,-0.11049723756906077,-0.4198895027624309,0.09668508287292818,-0.3756906077348066,0.06906077348066299,-0.48342541436464087,0.008287292817679558,-0.4116022099447514,-0.024861878453038673,-0.3342541436464088
5,0.0,0.0,-0.15977961432506887,-0.06611570247933884,-0.256198347107438,-0.20110192837465565,-0.2066115702479339,-0.325068870523416,-0.12121212121212122,-0.4049586776859504,-0.23415977961432508,-0.4986225895316804,-0.2865013774104683,-0.6914600550964187,-0.3140495867768595,-0.8126721763085399,-0.33884297520661155,-0.9228650137741047,-0.09917355371900827,-0.5151515151515151,-0.07988980716253444,-0.743801652892562,-0.08264462809917356,-0.8842975206611571,-0.08264462809917356,-1.0,0.024793388429752067,-0.4628099173553719,0.03581267217630854,-0.6336088154269972,-0.013774104683195593,-0.512396694214876,-0.03581267217630854,-0.4049586776859504,0.13774104683195593,-0.3691460055096419,0.1184573002754821,-0.45179063360881544,0.07162534435261708,-0.3746556473829201,0.046831955922865015,-0.2975206611570248
5,0.0,0.0,-0.14473684210526316,-0.11315789473684211,-0.19736842105263158,-0.30526315789473685,-0.08421052631578947,-0.46842105263157896,0.042105263157894736,-0.5578947368421052,-0.2394736842105263,-0.49473684210526314,-0.2868421052631579,-0.6973684210526315,-0.30526315789473685,-0.8157894736842105,-0.3105263157894737,-0.9236842105263158,-0.10263157894736842,-0.5289473684210526,-0.1,-0.75,-0.08421052631578947,-0.8842105263157894,-0.06842105263157895,-1.0,0.02368421052631579,-0.49736842105263157,0.07368421052631578,-0.6815789473684211,0.060526315789473685,-0.5842105263157895,0.05,-0.4868421052631579,0.1368421052631579,-0.4236842105263158,0.18421052631578946,-0.5447368421052632,0.15263157894736842,-0.4763157894736842,0.12105263157894737,-0.3894736842105263
5,0.0,0.0,-0.14520547945205478,-0.12054794520547946,-0.17534246575342466,-0.32054794520547947,-0.052054794520547946,-0.4821917808219178,0.06027397260273973,-0.5643835616438356,-0.20821917808219179,-0.5013698630136987,-0.23835616438356164,-0.7123287671232876,-0.23835616438356164,-0.8410958904109589,-0.23013698630136986,-0.947945205479452,-0.06301369863013699,-0.5232876712328767,-0.030136986301369864,-0.7479452054794521,0.0,-0.8849315068493151,0.024657534246575342,-1.0,0.06301369863013699,-0.4794520547945205,0.12876712328767123,-0.663013698630137,0.10136986301369863,-0.5835616438356165,0.07671232876712329,-0.4958904109589041,0.16986301369863013,-0.40273972602739727,0.2273972602739726,-0.5260273972602739,0.19452054794520549,-0.4794520547945205,0.1589041095890411,-0.4136986301369863
5,0.0,0.0,-0.1820580474934037,-0.06596306068601583,-0.2796833773087071,-0.23746701846965698,-0.19525065963060687,-0.40105540897097625,-0.09498680738786279,-0.49868073878627966,-0.2849604221635884,-0.47757255936675463,-0.35356200527704484,-0.6781002638522428,-0.38786279683377306,-0.8021108179419525,-0.41688654353562005,-0.9102902374670184,-0.158311345646438,-0.5145118733509235,-0.158311345646438,-0.7519788918205804,-0.158311345646438,-0.8918205804749341,-0.158311345646438,-1.0,-0.044854881266490766,-0.48812664907651715,-0.013192612137203167,-0.6675461741424802,-0.03430079155672823,-0.5672823218997362,-0.044854881266490766,-0.46965699208443273,0.0633245382585752,-0.41952506596306066,0.0712401055408971,-0.5224274406332454,0.03430079155672823,-0.43271767810026385,0.0079155672823219,-0.34300791556728233
5,0.0,0.0,-0.20535714285714285,-0.050595238095238096,-0.3333333333333333,-0.19345238095238096,-0.30357142857142855,-0.36607142857142855,-0.23511904761904762,-0.4851190476190476,-0.34226190476190477,-0.4375,-0.45535714285714285,-0.6220238095238095,-0.5178571428571429,-0.7470238095238095,-0.5625,-0.8511904761904762,-0.21428571428571427,-0.49702380952380953,-0.24107142857142858,-0.7470238095238095,-0.27976190476190477,-0.8898809523809523,-0.30357142857142855,-1.0,-0.08630952380952381,-0.49107142857142855,-0.1130952380952381,-0.6904761904761905,-0.17559523809523808,-0.6160714285714286,-0.20238095238095238,-0.5297619047619048,0.041666666666666664,-0.44345238095238093,-0.008928571428571428,-0.5535714285714286,-0.0625,-0.48214285714285715,-0.08928571428571429,-0.3958333333333333
5,0.0,0.0,-0.18529411764705883,-0.023529411764705882,-0.3235294117647059,-0.15588235294117647,-0.32941176470588235,-0.3264705882352941,-0.3,-0.4676470588235294,-0.3352941176470588,-0.4441176470588235,-0.45294117647058824,-0.611764705882353,-0.5294117647058824,-0.7235294117647059,-0.5911764705882353,-0.8235294117647058,-0.21176470588235294,-0.5029411764705882,-0.26176470588235295,-0.75,-0.3176470588235294,-0.8852941176470588,-0.3558823529411765,-1.0,-0.09117647058823529,-0.4970588235294118,-0.15588235294117647,-0.6764705882352942,-0.21176470588235294,-0.5264705882352941,-0.2235294117647059,-0.40588235294117647,0.029411764705882353,-0.45,-0.05588235294117647,-0.5235294117647059,-0.11470588235294117,-0.4088235294117647,-0.13529411764705881,-0.3058823529411765
5,0.0,0.0,-0.16489361702127658,-0.0398936170212766,-0.2632978723404255,-0.16489361702127658,-0.24468085106382978,-0.2978723404255319,-0.20212765957446807,-0.39361702127659576,-0.2473404255319149,-0.4734042553191489,-0.32978723404255317,-0.6569148936170213,-0.3803191489361702,-0.7792553191489362,-0.42021276595744683,-0.8882978723404256,-0.13031914893617022,-0.5026595744680851,-0.13829787234042554,-0.7367021276595744,-0.1622340425531915,-0.8829787234042553,-0.1702127659574468,-1.0,-0.013297872340425532,-0.4654255319148936,-0.034574468085106384,-0.6170212765957447,-0.09840425531914894,-0.5053191489361702,-0.125,-0.40691489361702127,0.09308510638297872,-0.38563829787234044,0.05319148936170213,-0.4787234042553192,0.0,-0.4015957446808511,-0.018617021276595744,-0.324468085106383
5,0.0,0.0,-0.15363881401617252,-0.0889487870619946,-0.22371967654986524,-0.2776280323450135,-0.11859838274932614,-0.42857142857142855,0.0026954177897574125,-0.5202156334231806,-0.1778975741239892,-0.5175202156334232,-0.22371967654986524,-0.7223719676549866,-0.24528301886792453,-0.8463611859838275,-0.2560646900269542,-0.9487870619946092,-0.0431266846361186,-0.5202156334231806,0.0,-0.7574123989218329,0.016172506738544475,-0.889487870619946,0.03234501347708895,-1.0,0.07008086253369272,-0.4636118598382749,0.09703504043126684,-0.6172506738544474,0.03504043126684636,-0.5040431266846361,0.0026954177897574125,-0.4123989218328841,0.16442048517520216,-0.3692722371967655,0.16981132075471697,-0.4797843665768194,0.1105121293800539,-0.40431266846361186,0.07547169811320754,-0.33153638814016173
6,0.0,0.0,-0.24285714285714285,-0.054285714285714284,-0.4742857142857143,-0.24857142857142858,-0.6285714285714286,-0.4142857142857143,-0.7771428571428571,-0.4742857142857143,-0.37142857142857144,-0.5085714285714286,-0.44285714285714284,-0.7342857142857143,-0.4742857142857143,-0.8685714285714285,-0.5,-1.0,-0.22857142857142856,-0.5428571428571428,-0.2571428571428571,-0.6828571428571428,-0.2257142857142857,-0.48,-0.2057142857142857,-0.32857142857142857,-0.08,-0.5457142857142857,-0.09428571428571429,-0.6771428571428572,-0.08571428571428572,-0.48,-0.09428571428571429,-0.33714285714285713,0.06571428571428571,-0.5257142857142857,0.08857142857142856,-0.7085714285714285,0.09142857142857143,-0.82,0.07428571428571429,-0.9371428571428572
6,0.0,0.0,-0.273015873015873,-0.050793650793650794,-0.5174603174603175,-0.23809523809523808,-0.6761904761904762,-0.4158730158730159,-0.8222222222222222,-0.4888888888888889,-0.4253968253968254,-0.48253968253968255,-0.5111111111111111,-0.7174603174603175,-0.5396825396825397,-0.8634920634920635,-0.5619047619047619,-1.0,-0.273015873015873,-0.5238095238095238,-0.27936507936507937,-0.6793650793650794,-0.23492063492063492,-0.4793650793650794,-0.21587301587301588,-0.3238095238095238,-0.11746031746031746,-0.5365079365079365,-0.12380952380952381,-0.6793650793650794,-0.09206349206349207,-0.48253968253968255,-0.08888888888888889,-0.3333333333333333,0.031746031746031744,-0.5206349206349207,0.06349206349206349,-0.7111111111111111,0.07301587301587302,-0.8317460317460318,0.06349206349206349,-0.9587301587301588
6,0.0,0.0,-0.28027681660899656,-0.01730103806228374,-0.5432525951557093,-0.19377162629757785,-0.7162629757785467,-0.33217993079584773,-0.8719723183391004,-0.39100346020761245,-0.3494809688581315,-0.5051903114186851,-0.47058823529411764,-0.7231833910034602,-0.5536332179930796,-0.8615916955017301,-0.6262975778546713,-0.986159169550173,-0.22837370242214533,-0.5397923875432526,-0.3737024221453287,-0.6505190311418685,-0.3460207612456747,-0.4359861591695502,-0.28027681660899656,-0.2768166089965398,-0.09688581314878893,-0.5501730103806228,-0.23529411764705882,-0.6505190311418685,-0.2179930795847751,-0.44982698961937717,-0.1695501730103806,-0.3044982698961938,0.05190311418685121,-0.5501730103806228,0.02422145328719723,-0.7612456747404844,-0.031141868512110725,-0.8858131487889274,-0.09342560553633218,-1.0
6,0.0,0.0,-0.24210526315789474,-0.03508771929824561,-0.49473684210526314,-0.22105263157894736,-0.6771929824561403,-0.34385964912280703,-0.8350877192982457,-0.38596491228070173,-0.3263157894736842,-0.5473684210526316,-0.4456140350877193,-0.7508771929824561,-0.5228070175438596,-0.8807017543859649,-0.5894736842105263,-0.9929824561403509,-0.19649122807017544,-0.5754385964912281,-0.3192982456140351,-0.6701754385964912,-0.3017543859649123,-0.45614035087719296,-0.2631578947368421,-0.2912280701754386,-0.056140350877192984,-0.5719298245614035,-0.17192982456140352,-0.6666666666666666,-0.17192982456140352,-0.4631578947368421,-0.1543859649122807,-0.3157894736842105,0.08771929824561403,-0.5508771929824562,0.0912280701754386,-0.7473684210526316,0.07368421052631578,-0.8701754385964913,0.042105263157894736,-1.0
6,0.0,0.0,-0.24381625441696114,-0.05653710247349823,-0.4734982332155477,-0.26501766784452296,-0.6254416961130742,-0.4275618374558304,-0.773851590106007,-0.4876325088339223,-0.3286219081272085,-0.5265017667844523,-0.42402826855123676,-0.7385159010600707,-0.4664310954063604,-0.872791519434629,-0.5017667844522968,-1.0,-0.1872791519434629,-0.5512367491166078,-0.2579505300353357,-0.6749116607773852,-0.2579505300353357,-0.4664310954063604,-0.24381625441696114,-0.3003533568904594,-0.038869257950530034,-0.5371024734982333,-0.09540636042402827,-0.657243816254417,-0.10600706713780919,-0.45936395759717313,-0.10247349823321555,-0.30742049469964666,0.1166077738515901,-0.508833922261484,0.1519434628975265,-0.6890459363957597,0.15547703180212014,-0.8021201413427562,0.1413427561837456,-0.9151943462897526
6,0.0,0.0,-0.2508833922261484,-0.04240282685512368,-0.4876325088339223,-0.23674911660777384,-0.6325088339222615,-0.42402826855123676,-0.7667844522968198,-0.5265017667844523,-0.3710247349823322,-0.49469964664310956,-0.4664310954063604,-0.7243816254416962,-0.5123674911660777,-0.8657243816254417,-0.5477031802120141,-1.0,-0.2226148409893993,-0.5371024734982333,-0.2826855123674912,-0.6996466431095406,-0.26148409893992935,-0.49469964664310956,-0.2332155477031802,-0.3321554770318021,-0.0636042402826855,-0.5406360424028268,-0.10954063604240283,-0.6819787985865724,-0.12014134275618374,-0.4840989399293286,-0.12014134275618374,-0.3250883392226148,0.0989399293286219,-0.5123674911660777,0.1413427561837456,-0.7137809187279152,0.1519434628975265,-0.8445229681978799,0.14487632508833923,-0.9752650176678446
6,0.0,0.0,-0.2578397212543554,-0.07665505226480836,-0.4878048780487805,-0.26480836236933797,-0.6550522648083623,-0.43205574912891986,-0.8048780487804879,-0.5052264808362369,-0.397212543554007,-0.4843205574912892,-0.47735191637630664,-0.7177700348432056,-0.5087108013937283,-0.8606271777003485,-0.5261324041811847,-1.0,-0.24390243902439024,-0.5296167247386759,-0.2613240418118467,-0.6829268292682927,-0.21951219512195122,-0.5052264808362369,-0.1916376306620209,-0.3554006968641115,-0.08362369337979095,-0.5331010452961672,-0.09059233449477352,-0.6829268292682927,-0.08013937282229965,-0.5296167247386759,-0.08013937282229965,-0.397212543554007,0.07665505226480836,-0.5017421602787456,0.1254355400696864,-0.6898954703832753,0.14982578397212543,-0.8083623693379791,0.156794425087108,-0.9198606271777003
6,0.0,0.0,-0.23178807947019867,-0.08609271523178808,-0.41721854304635764,-0.2847682119205298,-0.543046357615894,-0.4503311258278146,-0.6754966887417219,-0.5231788079470199,-0.28807947019867547,-0.5132450331125827,-0.347682119205298,-0.7417218543046358,-0.3675496688741722,-0.8741721854304636,-0.38079470198675497,-1.0,-0.1423841059602649,-0.5298013245033113,-0.15562913907284767,-0.652317880794702,-0.1423841059602649,-0.45695364238410596,-0.1357615894039735,-0.31788079470198677,0.013245033112582781,-0.5099337748344371,0.009933774834437087,-0.6225165562913907,0.0033112582781456954,-0.44039735099337746,-0.006622516556291391,-0.31456953642384106,0.16225165562913907,-0.46688741721854304,0.2185430463576159,-0.6456953642384106,0.25165562913907286,-0.7549668874172185,0.2682119205298013,-0.8708609271523179
6,0.0,0.0,-0.25886524822695034,-0.08865248226950355,-0.4787234042553192,-0.3049645390070922,-0.624113475177305,-0.4716312056737589,-0.7553191489361702,-0.5283687943262412,-0.3723404255319149,-0.5035460992907801,-0.43617021276595747,-0.7340425531914894,-0.450354609929078,-0.8723404255319149,-0.4574468085106383,-1.0,-0.20921985815602837,-0.5354609929078015,-0.20212765957446807,-0.6808510638297872,-0.1524822695035461,-0.5212765957446809,-0.1276595744680851,-0.37943262411347517,-0.03900709219858156,-0.5390070921985816,-0.02127659574468085,-0.7198581560283688,0.03900709219858156,-0.6808510638297872,0.07446808510638298,-0.6347517730496454,0.12056737588652482,-0.5106382978723404,0.1524822695035461,-0.6773049645390071,0.18439716312056736,-0.7801418439716312,0.20212765957446807,-0.8794326241134752
6,0.0,0.0,-0.28294573643410853,-0.06976744186046512,-0.5116279069767442,-0.24806201550387597,-0.6666666666666666,-0.4186046511627907,-0.813953488372093,-0.4806201550387597,-0.4263565891472868,-0.46511627906976744,-0.5116279069767442,-0.7015503875968992,-0.5348837209302325,-0.8527131782945736,-0.5503875968992248,-1.0,-0.2558139534883721,-0.5038759689922481,-0.23255813953488372,-0.6782945736434108,-0.18604651162790697,-0.4728682170542636,-0.1937984496124031,-0.313953488372093,-0.08527131782945736,-0.5155038759689923,-0.06589147286821706,-0.6627906976744186,-0.03488372093023256,-0.46511627906976744,-0.046511627906976744,-0.32170542635658916,0.08139534883720931,-0.49224806201550386,0.12790697674418605,-0.6821705426356589,0.17054263565891473,-0.7945736434108527,0.18992248062015504,-0.9186046511627907
6,0.0,0.0,-0.2823529411764706,-0.043137254901960784,-0.5450980392156862,-0.20784313725490197,-0.7294117647058823,-0.3764705882352941,-0.8941176470588236,-0.43529411764705883,-0.45098039215686275,-0.4823529411764706,-0.5450980392156862,-0.7215686274509804,-0.5882352941176471,-0.8627450980392157,-0.6196078431372549,-1.0,-0.2901960784313726,-0.5372549019607843,-0.3176470588235294,-0.7058823529411765,-0.24705882352941178,-0.5137254901960784,-0.19607843137254902,-0.3607843137254902,-0.12549019607843137,-0.5568627450980392,-0.1411764705882353,-0.6980392156862745,-0.09411764705882353,-0.5254901960784314,-0.06666666666666667,-0.38823529411764707,0.043137254901960784,-0.5411764705882353,0.07450980392156863,-0.7294117647058823,0.09803921568627451,-0.8549019607843137,0.10196078431372549,-0.984313725490196
6,0.0,0.0,-0.2901960784313726,-0.023529411764705882,-0.5568627450980392,-0.20784313725490197,-0.7215686274509804,-0.3803921568627451,-0.8784313725490196,-0.4588235294117647,-0.4196078431372549,-0.5098039215686274,-0.5137254901960784,-0.7333333333333333,-0.5686274509803921,-0.8745098039215686,-0.615686274509804,-1.0,-0.2627450980392157,-0.5568627450980392,-0.35294117647058826,-0.6666666666666666,-0.3215686274509804,-0.4666666666666667,-0.27450980392156865,-0.29411764705882354,-0.10588235294117647,-0.5647058823529412,-0.1843137254901961,-0.6627450980392157,-0.17254901960784313,-0.47058823529411764,-0.14901960784313725,-0.3215686274509804,0.06666666666666667,-0.5568627450980392,0.08235294117647059,-0.7607843137254902,0.06274509803921569,-0.8823529411764706,0.027450980392156862,-0.996078431372549
6,0.0,0.0,-0.2803030303030303,-0.01893939393939394,-0.553030303030303,-0.20833333333333334,-0.7272727272727273,-0.3484848484848485,-0.8901515151515151,-0.4015151515151515,-0.38257575757575757,-0.5113636363636364,-0.5075757575757576,-0.7310606060606061,-0.5833333333333334,-0.8674242424242424,-0.6439393939393939,-0.9924242424242424,-0.23863636363636365,-0.553030303030303,-0.36742424242424243,-0.6628787878787878,-0.3333333333333333,-0.44696969696969696,-0.2689393939393939,-0.2878787878787879,-0.08333333333333333,-0.5606060606060606,-0.19696969696969696,-0.6477272727272727,-0.18181818181818182,-0.44696969696969696,-0.14772727272727273,-0.30303030303030304,0.07954545454545454,-0.553030303030303,0.06818181818181818,-0.7613636363636364,0.026515151515151516,-0.8863636363636364,-0.030303030303030304,-1.0
6,0.0,0.0,-0.24074074074074073,-0.05185185185185185,-0.45925925925925926,-0.25555555555555554,-0.6074074074074074,-0.4,-0.7518518518518519,-0.45925925925925926,-0.28888888888888886,-0.5444444444444444,-0.4,-0.7555555555555555,-0.4740740740740741,-0.8851851851851852,-0.5333333333333333,-1.0,-0.15925925925925927,-0.5703703703703704,-0.26666666666666666,-0.6666666666666666,-0.2518518518518518,-0.46296296296296297,-0.21851851851851853,-0.3037037037037037,-0.018518518518518517,-0.562962962962963,-0.12222222222222222,-0.6481481481481481,-0.12962962962962962,-0.45555555555555555,-0.11481481481481481,-0.3148148148148148,0.13333333333333333,-0.5407407407407407,0.14444444444444443,-0.7481481481481481,0.11481481481481481,-0.8703703703703703,0.06666666666666667,-0.9740740740740741
6,0.0,0.0,-0.23161764705882354,-0.051470588235294115,-0.46691176470588236,-0.22794117647058823,-0.6470588235294118,-0.3382352941176471,-0.8051470588235294,-0.3713235294117647,-0.3161764705882353,-0.5294117647058824,-0.41544117647058826,-0.7463235294117647,-0.48161764705882354,-0.875,-0.5294117647058824,-1.0,-0.1801470588235294,-0.5551470588235294,-0.2757352941176471,-0.6617647058823529,-0.26838235294117646,-0.44485294117647056,-0.23897058823529413,-0.2757352941176471,-0.04044117647058824,-0.5441176470588235,-0.125,-0.6213235294117647,-0.13602941176470587,-0.41544117647058826,-0.12867647058823528,-0.2647058823529412,0.10294117647058823,-0.5147058823529411,0.1213235294117647,-0.7058823529411765,0.1213235294117647,-0.8235294117647058,0.10661764705882353,-0.9448529411764706
6,0.0,0.0,-0.23465703971119134,-0.07220216606498195,-0.4620938628158845,-0.24187725631768953,-0.6389891696750902,-0.35018050541516244,-0.7906137184115524,-0.36823104693140796,-0.3285198555956679,-0.51985559566787,-0.3862815884476534,-0.7364620938628159,-0.4187725631768953,-0.8700361010830325,-0.4404332129963899,-1.0,-0.18772563176895307,-0.5415162454873647,-0.20216606498194944,-0.6606498194945848,-0.18772563176895307,-0.4548736462093863,-0.18411552346570398,-0.3176895306859206,-0.039711191335740074,-0.5306859205776173,-0.05415162454873646,-0.6353790613718412,-0.05776173285198556,-0.4620938628158845,-0.06859205776173286,-0.33935018050541516,0.10108303249097472,-0.49097472924187724,0.1444043321299639,-0.6714801444043321,0.16967509025270758,-0.779783393501805,0.17328519855595667,-0.8989169675090253
6,0.0,0.0,-0.26459143968871596,-0.042801556420233464,-0.5136186770428015,-0.20233463035019456,-0.6964980544747081,-0.35019455252918286,-0.867704280155642,-0.39299610894941633,-0.3852140077821012,-0.47470817120622566,-0.4708171206225681,-0.7120622568093385,-0.5097276264591439,-0.8599221789883269,-0.5369649805447471,-1.0,-0.23346303501945526,-0.5136186770428015,-0.245136186770428,-0.6575875486381323,-0.2178988326848249,-0.4474708171206226,-0.20233463035019456,-0.29961089494163423,-0.07392996108949416,-0.5136186770428015,-0.07392996108949416,-0.6381322957198443,-0.07003891050583658,-0.4396887159533074,-0.08171206225680934,-0.2918287937743191,0.07782101167315175,-0.48638132295719844,0.12062256809338522,-0.669260700389105,0.14007782101167315,-0.7898832684824902,0.14007782101167315,-0.9182879377431906
6,0.0,0.0,-0.25951557093425603,-0.08650519031141868,-0.4844290657439446,-0.2491349480968858,-0.6608996539792388,-0.4013840830449827,-0.8200692041522492,-0.43944636678200694,-0.38408304498269896,-0.48788927335640137,-0.4532871972318339,-0.7197231833910035,-0.4809688581314879,-0.8650519031141869,-0.4982698961937716,-1.0,-0.23529411764705882,-0.532871972318339,-0.22491349480968859,-0.671280276816609,-0.1903114186851211,-0.47058823529411764,-0.18685121107266436,-0.3460207612456747,-0.07958477508650519,-0.5432525951557093,-0.0726643598615917,-0.6816608996539792,-0.0657439446366782,-0.5155709342560554,-0.07958477508650519,-0.3875432525951557,0.06228373702422145,-0.5121107266435986,0.11418685121107267,-0.6885813148788927,0.14878892733564014,-0.7993079584775087,0.1695501730103806,-0.9134948096885813
6,0.0,0.0,-0.2508833922261484,-0.06007067137809187,-0.48056537102473496,-0.24381625441696114,-0.6537102473498233,-0.38869257950530034,-0.8021201413427562,-0.4452296819787986,-0.36042402826855124,-0.4876325088339223,-0.4381625441696113,-0.7243816254416962,-0.45936395759717313,-0.8657243816254417,-0.47703180212014135,-1.0,-0.20848056537102475,-0.5229681978798587,-0.2226148409893993,-0.657243816254417,-0.1872791519434629,-0.4664310954063604,-0.17667844522968199,-0.30742049469964666,-0.04946996466431095,-0.5229681978798587,-0.0636042402826855,-0.6395759717314488,-0.04946996466431095,-0.4664310954063604,-0.04946996466431095,-0.3321554770318021,0.09540636042402827,-0.49823321554770317,0.14840989399293286,-0.6749116607773852,0.17667844522968199,-0.784452296819788,0.1872791519434629,-0.8939929328621908
6,0.0,0.0,-0.26666666666666666,-0.07450980392156863,-0.4980392156862745,-0.25098039215686274,-0.6666666666666666,-0.39215686274509803,-0.8235294117647058,-0.4392156862745098,-0.37254901960784315,-0.4627450980392157,-0.44313725490196076,-0.7058823529411765,-0.4745098039215686,-0.8549019607843137,-0.48627450980392156,-1.0,-0.20392156862745098,-0.5098039215686274,-0.20392156862745098,-0.6784313725490196,-0.17647058823529413,-0.49019607843137253,-0.1568627450980392,-0.33725490196078434,-0.03529411764705882,-0.5137254901960784,-0.03529411764705882,-0.6627450980392157,-0.027450980392156862,-0.5019607843137255,-0.027450980392156862,-0.3686274509803922,0.12156862745098039,-0.48627450980392156,0.16862745098039217,-0.6588235294117647,0.2,-0.7647058823529411,0.20784313725490197,-0.8745098039215686
6,0.0,0.0,-0.27385892116182575,-0.08298755186721991,-0.5186721991701245,-0.24066390041493776,-0.6970954356846473,-0.3941908713692946,-0.8589211618257261,-0.45643153526970953,-0.4315352697095436,-0.46887966804979253,-0.5103734439834025,-0.7012448132780082,-0.5311203319502075,-0.8506224066390041,-0.5477178423236515,-1.0,-0.26141078838174275,-0.5186721991701245,-0.25311203319502074,-0.6721991701244814,-0.2033195020746888,-0.4896265560165975,-0.1950207468879668,-0.34854771784232363,-0.08713692946058091,-0.5311203319502075,-0.06224066390041494,-0.6680497925311203,-0.03734439834024896,-0.49377593360995853,-0.05394190871369295,-0.3651452282157676,0.08298755186721991,-0.5062240663900415,0.12863070539419086,-0.6846473029045643,0.16597510373443983,-0.7966804979253111,0.17842323651452283,-0.9087136929460581
6,0.0,0.0,-0.26666666666666666,-0.058333333333333334,-0.5041666666666667,-0.23333333333333334,-0.6625,-0.4125,-0.8083333333333333,-0.48333333333333334,-0.4166666666666667,-0.4791666666666667,-0.5083333333333333,-0.7125,-0.5291666666666667,-0.8625,-0.5416666666666666,-1.0,-0.26666666666666666,-0.5291666666666667,-0.275,-0.6916666666666667,-0.2125,-0.5125,-0.1875,-0.35833333333333334,-0.1,-0.5416666666666666,-0.09583333333333334,-0.675,-0.05,-0.5458333333333333,-0.029166666666666667,-0.44166666666666665,0.06666666666666667,-0.5291666666666667,0.11666666666666667,-0.7125,0.1625,-0.8166666666666667,0.17916666666666667,-0.925
6,0.0,0.0,-0.275,-0.020833333333333332,-0.5416666666666666,-0.17083333333333334,-0.7375,-0.3125,-0.9,-0.37083333333333335,-0.4666666666666667,-0.4875,-0.5791666666666667,-0.7083333333333334,-0.6291666666666667,-0.8416666666666667,-0.6708333333333333,-0.975,-0.3125,-0.5416666666666666,-0.35833333333333334,-0.6708333333333333,-0.2833333333333333,-0.4666666666666667,-0.22916666666666666,-0.3125,-0.15,-0.5541666666666667,-0.18333333333333332,-0.675,-0.1375,-0.49166666666666664,-0.1125,-0.3541666666666667,0.020833333333333332,-0.5416666666666666,0.05,-0.7416666666666667,0.058333333333333334,-0.8708333333333333,0.0375,-1.0
6,0.0,0.0,-0.2846441947565543,-0.0149812734082397,-0.5617977528089888,-0.18352059925093633,-0.7528089887640449,-0.3333333333333333,-0.9250936329588015,-0.37453183520599254,-0.43820224719101125,-0.5093632958801498,-0.5655430711610487,-0.7340823970037453,-0.6329588014981273,-0.8689138576779026,-0.6891385767790262,-1.0,-0.29213483146067415,-0.5543071161048689,-0.36329588014981273,-0.6853932584269663,-0.32209737827715357,-0.46441947565543074,-0.2846441947565543,-0.31086142322097376,-0.13108614232209737,-0.5617977528089888,-0.19101123595505617,-0.6779026217228464,-0.16104868913857678,-0.4756554307116105,-0.13857677902621723,-0.3333333333333333,0.033707865168539325,-0.5430711610486891,0.052434456928838954,-0.7415730337078652,0.04119850187265917,-0.8576779026217228,0.00749063670411985,-0.9850187265917603